level;id;profil_id;applicantcount;loannb;firstloan_amount;firstloan_type;firstloan_type_tax;firstloan_rate;firstloan_duration_years;firstloan_differ;contract_start_days;primary_applicant_sex;primary_applicant_age;primary_applicant_marital_status;post_code;primary_applicant_occupation_code;primary_applicant_contract;primary_applicant_working_time;primary_applicant_travel;primary_applicant_risk;primary_applicant_smoke;primary_applicant_share;secondary_applicant_sex;secondary_applicant_age;secondary_applicant_marital_status;secondary_applicant_occupation_code;secondary_applicant_contract;secondary_applicant_working_time;secondary_applicant_travel;secondary_applicant_risk;secondary_applicant_smoke;secondary_applicant_share;contract_start_date
LOAN2017;178;LOAN2017_178;Oui;1;76025;Amortissable;Fixe;1,9;20;1;11;Homme;21;Concubinage;45210;Salarié cadre;CDI;Temps plein;Moins de 15.000 km par an;Non;Non;1;None;None;None;None;None;None;None;None;None;None;
LOAN2017;181;LOAN2017_181;Oui;1;65900;Amortissable;Variable;1,6;13;0;166;Homme;18;Concubinage;66820;Fonctionnaire;TNS;Temps plein;Non;Non;Non;1;None;None;None;None;None;None;None;None;None;None;
LOAN2017;182;LOAN2017_182;Oui;1;381200;Amortissable;Variable;1,9;20;0;269;Homme;22;Divorcé;69440;Salarié ;CDI;Temps plein;Moins de 15.000 km par an;Non;oui;1;None;None;None;None;None;None;None;None;None;None;
LOAN2017;185;LOAN2017_185;Oui;1;21400;Amortissable;Fixe;1,8;20;0;130;Homme;29;Marié;69430;Salarié cadre;CDI;Temps plein;Non;Non;Non;1;None;None;None;None;None;None;None;None;None;None;
LOAN2017;271;LOAN2017_271;Oui;1;343000;Amortissable;Fixe;2,4;20;0;172;Homme;54;Célibataire;75007;Salarié cadre;CDI;Temps plein;Moins de 15.000 km par an;Non;Non;1;None;None;None;None;None;None;None;None;None;None;
LOAN2017;272;LOAN2017_272;Oui;1;124130;Amortissable;Fixe;1,9;15;0;355;Femme;54;Concubinage;44710;Salarié ;CDI;Temps plein;Non;Non;Non;1;None;None;None;None;None;None;None;None;None;None;
LOAN2017;392;LOAN2017_392;Oui;1;245100;Amortissable;Variable;1,6;18;0;187;Homme;28;Marié;59279;Recherche d'emploi;None;None;None;None;Non;1;None;None;None;None;None;None;None;None;None;None;
LOAN2017;404;LOAN2017_404;Oui;1;248000;Amortissable;Fixe;1,6;25;0;8;Femme;42;Célibataire;35460;Salarié ;CDI;Temps plein;Moins de 15.000 km par an;Non;Non;1;None;None;None;None;None;None;None;None;None;None;
LOAN2017;405;LOAN2017_405;Oui;1;264080;Amortissable;Fixe;2;15;0;125;Homme;26;Divorcé;21260;Salarié cadre;CDI;Temps plein;Non;Non;Non;1;None;None;None;None;None;None;None;None;None;None;
LOAN2017;409;LOAN2017_409;Oui;1;305000;Amortissable;Fixe;2;20;0;203;Homme;29;Concubinage;59239;Salarié ;CDI;Temps plein;Moins de 15.000 km par an;Non;Non;1;None;None;None;None;None;None;None;None;None;None;
LOAN2017;410;LOAN2017_410;Oui;1;133600;Amortissable;Variable;2,1;15;0;160;Homme;28;Concubinage;63330;Enseignant;CDI;Temps plein;Moins de 15.000 km par an;Non;Non;1;None;None;None;None;None;None;None;None;None;None;
LOAN2017;411;LOAN2017_411;Oui;1;287900;Amortissable;Fixe;2,2;20;0;97;Homme;44;Pacs;94430;Enseignant;CDI;Temps plein;Non;Non;Non;1;None;None;None;None;None;None;None;None;None;None;
LOAN2017;413;LOAN2017_413;Oui;1;108000;Amortissable;Variable;2,1;25;0;207;Femme;46;Célibataire;74330;Salarié ;CDI;Temps plein;Non;Non;Non;1;None;None;None;None;None;None;None;None;None;None;
LOAN2017;414;LOAN2017_414;Oui;1;153890;Amortissable;Fixe;1,5;20;2;129;Femme;49;Marié;83310;Fonctionnaire;CDI;Temps plein;Entre 15.000 et 20.000 km par an;Oui;Non;1;None;None;None;None;None;None;None;None;None;None;
LOAN2017;415;LOAN2017_415;Oui;1;28500;Amortissable;Fixe;1,5;12;1;173;Homme;29;Marié;92140;Fonctionnaire;CDI;Temps plein;Non;Non;Non;1;None;None;None;None;None;None;None;None;None;None;
LOAN2017;417;LOAN2017_417;Oui;1;254500;In Fine;Fixe;2,4;20;2;106;Femme;21;Concubinage;92220;Salarié cadre;TNS;Temps partiel;Non;Non;Non;1;None;None;None;None;None;None;None;None;None;None;
LOAN2017;418;LOAN2017_418;Oui;1;229426;Amortissable;Fixe;1,9;25;0;224;Homme;29;Célibataire;14111;Recherche d'emploi;None;None;None;None;Non;1;None;None;None;None;None;None;None;None;None;None;
LOAN2017;419;LOAN2017_419;Oui;1;54000;Amortissable;Fixe;2;20;1;30;Homme;33;Célibataire;67270;Salarié cadre;CDI;Temps plein;Non;Non;Non;1;None;None;None;None;None;None;None;None;None;None;
LOAN2017;420;LOAN2017_420;Oui;1;72260;Amortissable;Fixe;2,2;20;0;132;Femme;26;Divorcé;32220;Salarié cadre;CDI;Temps partiel;Moins de 15.000 km par an;Non;Non;1;None;None;None;None;None;None;None;None;None;None;
LOAN2017;421;LOAN2017_421;Oui;1;167900;Amortissable;Variable;1,8;15;0;132;Homme;36;Pacs;73410;Salarié ;CDI;Temps plein;Moins de 15.000 km par an;Non;Non;1;None;None;None;None;None;None;None;None;None;None;
LOAN2017;423;LOAN2017_423;Oui;1;164300;Amortissable;Fixe;1;20;0;160;Homme;28;Marié;17100;Salarié cadre;CDI;Temps plein;Non;Non;Non;1;None;None;None;None;None;None;None;None;None;None;
LOAN2017;425;LOAN2017_425;Oui;1;152500;Amortissable;Fixe;2,2;15;0;107;Femme;53;Pacs;35720;Salarié cadre;CDI;Temps plein;Non;Non;oui;1;None;None;None;None;None;None;None;None;None;None;
LOAN2017;69;LOAN2017_69;Non;1;150000;Amortissable;Fixe;2,2;20;0;70;Homme;36;Marié;75006;Salarié cadre;CDI;Temps plein;Non;Non;Non;0.7;Femme;37;Marié;Salarié cadre;CDI;Temps plein;Non;Non;Non;0.3;
LOAN2017;70;LOAN2017_70;Non;1;150000;Amortissable;Fixe;2,35;20;0;70;Homme;36;Marié;75006;Salarié cadre;CDI;Temps plein;Non;Non;Non;0.7;Femme;37;Marié;Salarié cadre;CDI;Temps plein;Non;Non;Non;0.3;
LOAN2017;71;LOAN2017_71;Non;1;150000;Amortissable;Variable;1,7;20;0;70;Homme;36;Marié;75006;Salarié cadre;CDI;Temps plein;Non;Non;Non;0.7;Femme;37;Marié;Salarié cadre;CDI;Temps plein;Non;Non;Non;0.3;
LOAN2017;73;LOAN2017_73;Non;1;150000;Amortissable;Fixe;1,7;20;0;70;Homme;36;Marié;75006;Salarié cadre;CDI;Temps plein;Non;Non;Non;0.7;Femme;25;Marié;Salarié cadre;CDI;Temps plein;Non;Non;Non;0.3;
LOAN2017;74;LOAN2017_74;Non;1;150000;Amortissable;Fixe;1,7;20;0;70;Homme;36;Marié;75006;Salarié cadre;CDI;Temps plein;Non;Non;Non;0.7;Femme;50;Marié;Salarié cadre;CDI;Temps plein;Non;Non;Non;0.3;
LOAN2017;75;LOAN2017_75;Non;1;150000;Amortissable;Fixe;1,7;20;0;70;Homme;36;Marié;75006;Salarié cadre;CDI;Temps plein;Non;Non;Non;0.7;Femme;37;Marié;Agriculteur;CDI;Temps plein;Non;Non;Non;0.3;
LOAN2017;76;LOAN2017_76;Non;1;150000;Amortissable;Fixe;1,7;20;0;70;Homme;36;Marié;75006;Salarié cadre;CDI;Temps plein;Non;Non;Non;0.7;Femme;37;Marié;Recherche d'emploi;None;None;None;None;Non;0.3;
LOAN2017;77;LOAN2017_77;Non;1;150000;Amortissable;Fixe;1,7;20;0;70;Homme;36;Marié;75006;Salarié cadre;CDI;Temps plein;Non;Non;Non;0.7;Femme;37;Marié;Chef d'entreprise;CDI;Temps plein;Non;Non;Non;0.3;
LOAN2017;78;LOAN2017_78;Non;1;150000;Amortissable;Fixe;1,7;20;0;70;Homme;36;Marié;75006;Salarié cadre;CDI;Temps plein;Non;Non;Non;0.7;Femme;37;Marié;Salarié cadre;CDI;Temps plein;Plus de 20.000 km par an;Non;Non;0.3;
LOAN2017;79;LOAN2017_79;Non;1;150000;Amortissable;Fixe;1,7;20;0;70;Homme;36;Marié;75006;Salarié cadre;CDI;Temps plein;Non;Non;Non;0.7;Femme;37;Marié;Salarié cadre;CDI;Temps plein;Entre 15.000 et 20.000 km par an;Non;Non;0.3;
LOAN2017;80;LOAN2017_80;Non;1;150000;Amortissable;Fixe;1,7;20;0;70;Homme;36;Marié;75006;Salarié cadre;CDI;Temps plein;Non;Non;Non;0.7;Femme;37;Marié;Salarié cadre;CDI;Temps plein;Non;Oui;Non;0.3;
LOAN2017;81;LOAN2017_81;Non;1;150000;Amortissable;Fixe;1,7;20;0;70;Homme;36;Marié;75006;Salarié cadre;CDI;Temps plein;Non;Non;Non;0.7;Femme;37;Marié;Salarié cadre;CDI;Temps plein;Non;Non;Oui;0.3;
LOAN2017;86;LOAN2017_86;Non;1;122000;Amortissable;Fixe;2,2;15;0;143;Homme;30;Concubinage;92420;Salarié cadre;CDI;Temps plein;Moins de 15.000 km par an;Non;Non;0.7;Homme;37;Concubinage;Fonctionnaire;TNS;Temps plein;Non;Non;Non;0.3;
LOAN2017;90;LOAN2017_90;Non;1;102800;Amortissable;Fixe;1,7;15;0;323;Femme;30;Pacs;61550;Fonctionnaire;CDI;Temps plein;Non;Non;Non;0.7;Homme;42;Marié;Salarié cadre;TNS;Temps plein;Moins de 15.000 km par an;Non;oui;0.3;
LOAN2017;93;LOAN2017_93;Non;1;107893;Amortissable;Variable;1,3;15;0;211;Homme;35;Marié;44630;Salarié ;CDI;Temps plein;Non;Non;Non;0.7;Homme;54;Célibataire;Salarié ;CDI;Temps plein;Moins de 15.000 km par an;Non;Non;0.3;
LOAN2017;94;LOAN2017_94;Non;1;139914;Amortissable;Fixe;1,8;20;1;357;Homme;54;Divorcé;31380;Salarié cadre;CDI;Temps plein;Moins de 15.000 km par an;Non;oui;0.7;Homme;31;Pacs;Chef d'entreprise;CDI;Temps plein;Non;Non;Non;0.3;
LOAN2017;146;LOAN2017_146;Non;1;142510;Amortissable;Fixe;1,4;25;0;0;Homme;56;Pacs;94460;Salarié ;CDI;Temps plein;Non;Non;Non;0.7;Homme;58;Marié;Salarié cadre;CDI;Temps plein;Moins de 15.000 km par an;Non;Non;0.3;
LOAN2017;151;LOAN2017_151;Non;1;114400;Amortissable;Fixe;1,5;20;0;178;Homme;38;Concubinage;53210;Sans Profession;None;None;None;None;Non;0.7;Homme;33;Marié;Salarié ;CDI;Temps plein;Moins de 15.000 km par an;Non;Non;0.3;
LOAN2017;154;LOAN2017_154;Non;1;185724;Amortissable;Fixe;1,6;14;0;142;Homme;30;Célibataire;75011;Salarié cadre;CDI;Temps plein;Non;Non;Non;0.7;Homme;27;Marié;Fonctionnaire;CDI;Temps plein;Non;Oui;Non;0.3;
LOAN2017;164;LOAN2017_164;Non;1;57800;Amortissable;Variable;1,8;25;0;231;Femme;41;Célibataire;90800;Salarié cadre;CDI;Temps plein;Moins de 15.000 km par an;Non;oui;0.7;Homme;34;Divorcé;Fonctionnaire;CDI;Temps plein;Moins de 15.000 km par an;Non;Non;0.3;
LOAN2017;183;LOAN2017_183;Non;1;243200;Amortissable;Fixe;1,8;15;1;246;Homme;35;Célibataire;78250;Salarié cadre;CDI;Temps plein;Non;Non;Non;0.7;Homme;41;Marié;Salarié cadre;CDI;Temps plein;Moins de 15.000 km par an;Non;Non;0.3;
LOAN2017;184;LOAN2017_184;Non;1;177300;Amortissable;Variable;2;15;0;21;Homme;33;Concubinage;75007;Salarié cadre;CDI;Temps plein;Non;Non;Non;0.7;Homme;26;Célibataire;Salarié cadre;CDI;Temps plein;Non;Non;Non;0.3;
LOAN2017;274;LOAN2017_274;Non;1;124000;Amortissable;Fixe;1,5;20;0;112;Femme;35;Concubinage;77910;Profession médicale;CDI;Temps plein;Non;Non;Non;0.7;Homme;26;Marié;Salarié cadre;CDI;Temps plein;Non;Non;Non;0.3;
LOAN2017;275;LOAN2017_275;Non;1;202000;Amortissable;Fixe;1,6;25;0;186;Homme;39;Pacs;74500;Fonctionnaire;CDI;Temps plein;Non;Non;Non;0.7;Homme;40;Divorcé;Enseignant;CDI;Temps plein;Plus de 20.000 km par an;Non;Non;0.3;
LOAN2017;311;LOAN2017_311;Non;1;224443;Amortissable;Fixe;1,7;15;1;130;Homme;31;Pacs;60190;Salarié cadre;CDI;Temps plein;Non;Non;Non;0.7;Femme;31;Divorcé;Salarié ;CDI;Temps plein;Non;Non;Non;0.3;
LOAN2017;312;LOAN2017_312;Non;1;143250;Amortissable;Fixe;1,6;15;0;71;Homme;35;Célibataire;91720;Salarié cadre;CDI;Temps plein;Moins de 15.000 km par an;Non;oui;0.7;Homme;53;Concubinage;Salarié cadre;Intérimaire;Temps plein;Non;Non;Non;0.3;
LOAN2017;317;LOAN2017_317;Non;1;269000;Amortissable;Fixe;2,1;15;0;113;Femme;30;Pacs;60810;Salarié ;CDI;Temps plein;Moins de 15.000 km par an;Non;Non;0.7;Femme;37;Célibataire;Salarié ;CDI;Temps plein;Non;Non;Non;0.3;
LOAN2017;318;LOAN2017_318;Non;1;159130;Amortissable;Fixe;1,8;20;1;177;Homme;54;Marié;33240;Recherche d'emploi;None;None;None;None;Non;0.7;Homme;37;Célibataire;Ouvrier;CDI;Temps plein;Non;Non;Non;0.3;
LOAN2017;320;LOAN2017_320;Non;1;185158;Amortissable;Fixe;2,1;15;0;365;Homme;30;Célibataire;78910;Salarié ;CDI;Temps partiel;Moins de 15.000 km par an;Non;Non;0.7;Femme;30;Marié;Salarié cadre;CDI;Temps plein;Moins de 15.000 km par an;Non;Non;0.3;
LOAN2017;322;LOAN2017_322;Non;1;279040;In Fine;Fixe;1,5;20;0;131;Homme;39;Pacs;91800;Fonctionnaire;CDI;Temps plein;Moins de 15.000 km par an;Non;oui;0.7;Femme;30;Célibataire;Salarié cadre;TNS;Temps plein;Non;Non;Non;0.3;
LOAN2017;153;LOAN2017_153;Non;1;119100;Amortissable;Fixe;1,6;15;0;104;Homme;43;Marié;67370;Salarié cadre;CDI;Temps plein;Moins de 15.000 km par an;Non;Non;0.5;Homme;35;Célibataire;Profession médicale;TNS;Temps plein;Moins de 15.000 km par an;Non;oui;0.5;
LOAN2017;72;LOAN2017_72;Oui;1;150000;Amortissable;Fixe;1,7;20;0;70;Homme;36;Marié;75006;Salarié cadre;CDI;Temps plein;Non;Non;Non;1;None;None;None;None;None;None;None;None;None;None;
LOAN2017;84;LOAN2017_84;Oui;1;113137;Amortissable;Fixe;1,8;25;0;144;Femme;41;Marié;92370;Salarié cadre;CDI;Temps plein;Moins de 15.000 km par an;Non;oui;1;None;None;None;None;None;None;None;None;None;None;
LOAN2017;85;LOAN2017_85;Oui;1;132500;Amortissable;Fixe;2,1;22;0;135;Homme;31;Marié;93290;Fonctionnaire;CDI;Temps plein;Non;Non;Non;1;None;None;None;None;None;None;None;None;None;None;
LOAN2017;89;LOAN2017_89;Oui;1;120900;Amortissable;Fixe;2;15;0;108;Homme;28;Célibataire;77181;Salarié ;CDI;Temps plein;Moins de 15.000 km par an;Non;oui;1;None;None;None;None;None;None;None;None;None;None;
LOAN2017;91;LOAN2017_91;Oui;1;229360;Amortissable;Fixe;2,1;15;0;165;Homme;19;Concubinage;28500;Ouvrier;CDI;Temps plein;Entre 15.000 et 20.000 km par an;Non;Non;1;None;None;None;None;None;None;None;None;None;None;
LOAN2017;95;LOAN2017_95;Oui;1;244200;Amortissable;Fixe;1,3;15;0;106;Homme;30;Divorcé;78710;Enseignant;CDI;Temps plein;Non;Non;Non;1;None;None;None;None;None;None;None;None;None;None;
LOAN2017;83;LOAN2017_83;Non;1;150000;Amortissable;Fixe;1,7;20;0;70;Homme;36;Marié;75006;Salarié cadre;CDI;Temps plein;Non;Non;Non;0.9;Femme;37;Marié;Salarié cadre;CDI;Temps plein;Non;Non;Non;0.1;
LOAN2017;64;LOAN2017_64;Non;1;150000;Amortissable;Fixe;1,3;20;0;70;Homme;36;Marié;75006;Salarié cadre;CDI;Temps plein;Non;Non;Non;0.7;Femme;37;Marié;Salarié cadre;CDI;Temps plein;Non;Non;Non;0.3;
LOAN2017;65;LOAN2017_65;Non;1;150000;Amortissable;Fixe;1,45;20;0;70;Homme;36;Marié;75006;Salarié cadre;CDI;Temps plein;Non;Non;Non;0.7;Femme;37;Marié;Salarié cadre;CDI;Temps plein;Non;Non;Non;0.3;
LOAN2017;66;LOAN2017_66;Non;1;150000;Amortissable;Fixe;1,6;20;0;70;Homme;36;Marié;75006;Salarié cadre;CDI;Temps plein;Non;Non;Non;0.7;Femme;37;Marié;Salarié cadre;CDI;Temps plein;Non;Non;Non;0.3;
LOAN2017;67;LOAN2017_67;Non;1;150000;Amortissable;Fixe;1,9;20;0;70;Homme;36;Marié;75006;Salarié cadre;CDI;Temps plein;Non;Non;Non;0.7;Femme;37;Marié;Salarié cadre;CDI;Temps plein;Non;Non;Non;0.3;
LOAN2017;120;LOAN2017_120;Non;1;184544;In Fine;Fixe;1,4;15;4;188;Femme;37;Marié;75010;Fonctionnaire;TNS;Temps partiel;Non;Non;Non;0.7;Homme;34;Concubinage;Salarié cadre;CDI;Temps plein;Non;Non;Non;0.3;
LOAN2017;130;LOAN2017_130;Non;1;194000;Amortissable;Fixe;2,3;20;0;108;Homme;43;Concubinage;4250;Salarié ;CDI;Temps plein;Entre 15.000 et 20.000 km par an;Non;Non;0.7;Homme;54;Marié;Salarié ;TNS;Temps plein;Moins de 15.000 km par an;Non;Non;0.3;
LOAN2017;131;LOAN2017_131;Non;1;102141;Amortissable;Fixe;1,7;30;0;365;Homme;49;Célibataire;74160;Salarié ;CDI;Temps plein;Entre 15.000 et 20.000 km par an;Non;Non;0.7;Homme;26;Concubinage;Salarié ;CDI;Temps plein;Moins de 15.000 km par an;Non;Non;0.3;
LOAN2017;132;LOAN2017_132;Non;1;100490;Amortissable;Fixe;1,5;20;0;127;Homme;45;Célibataire;94470;Salarié cadre;TNS;Temps plein;Moins de 15.000 km par an;Non;Non;0.7;Homme;33;Marié;Salarié cadre;CDD;Temps partiel;Moins de 15.000 km par an;Oui;Non;0.3;
LOAN2017;135;LOAN2017_135;Non;1;69000;Amortissable;Fixe;2,3;15;3;166;Homme;34;Marié;33220;Salarié cadre;CDI;Temps partiel;Moins de 15.000 km par an;Non;Non;0.7;Homme;26;Concubinage;Salarié ;TNS;Temps partiel;Non;Non;Non;0.3;
LOAN2017;136;LOAN2017_136;Non;1;265495;Amortissable;Fixe;1,8;12;1;188;Femme;40;Marié;71460;Salarié ;TNS;Temps plein;Non;Non;oui;0.7;Homme;38;Marié;Salarié ;CDI;Temps plein;Moins de 15.000 km par an;Non;oui;0.3;
LOAN2017;296;LOAN2017_296;Non;1;258800;Amortissable;Variable;2;15;5;63;Homme;49;Pacs;27930;Salarié ;CDI;Temps plein;Non;Non;Non;0.7;Femme;55;Pacs;Profession Libérale;CDI;Temps plein;Non;Non;Non;0.3;
LOAN2017;298;LOAN2017_298;Non;1;41888;Amortissable;Fixe;1,5;15;0;256;Homme;58;Concubinage;26740;Fonctionnaire;CDI;Temps plein;Moins de 15.000 km par an;Non;Non;0.7;Homme;27;Célibataire;Salarié cadre;CDI;Temps plein;Entre 15.000 et 20.000 km par an;Non;Non;0.3;
LOAN2017;427;LOAN2017_427;Non;1;318920;Amortissable;Fixe;1,7;20;0;192;Homme;56;Célibataire;75008;Salarié ;CDI;Temps plein;Non;Non;Non;0.5;Homme;27;Célibataire;Sans Profession;None;None;None;None;Non;0.5;
LOAN2017;118;LOAN2017_118;Non;1;284000;In Fine;Fixe;1,8;20;1;343;Homme;31;Célibataire;34390;Sans Profession;None;None;None;None;Non;0.5;Homme;34;Célibataire;Salarié ;CDI;Temps plein;Moins de 15.000 km par an;Non;Non;0.5;
LOAN2017;82;LOAN2017_82;Non;1;150000;Amortissable;Fixe;1,7;20;0;70;Homme;36;Marié;75006;Salarié cadre;CDI;Temps plein;Non;Non;Non;0.5;Femme;37;Marié;Salarié cadre;CDI;Temps plein;Non;Non;Non;0.5;
LOAN2017;87;LOAN2017_87;Non;1;169000;Amortissable;Fixe;1,7;20;0;100;Femme;38;Célibataire;78190;Salarié cadre;CDI;Temps plein;Moins de 15.000 km par an;Non;Non;0.5;Homme;30;Marié;Salarié ;CDI;Temps plein;Non;Non;Non;0.5;
LOAN2017;88;LOAN2017_88;Non;1;186520;Amortissable;Fixe;2,3;25;0;365;Femme;30;Marié;69170;Salarié cadre;TNS;Temps partiel;Moins de 15.000 km par an;Non;Non;0.5;Homme;33;Concubinage;Salarié cadre;CDI;Temps plein;Non;Non;Non;0.5;
LOAN2017;92;LOAN2017_92;Non;1;236000;Amortissable;Fixe;1,4;20;0;104;Homme;47;Concubinage;91160;Salarié cadre;CDI;Temps plein;Moins de 15.000 km par an;Non;Non;0.5;Homme;45;Marié;Salarié cadre;CDI;Temps plein;Moins de 15.000 km par an;Non;Non;0.5;
LOAN2017;97;LOAN2017_97;Non;1;184000;Amortissable;Fixe;1;25;2;64;Homme;31;Célibataire;76890;Salarié ;CDI;Temps plein;Moins de 15.000 km par an;Non;oui;0.5;Homme;38;Célibataire;Ouvrier;CDD;Temps plein;Moins de 15.000 km par an;Non;Non;0.5;
LOAN2017;100;LOAN2017_100;Non;1;119320;Amortissable;Fixe;1,9;15;0;231;Homme;30;Concubinage;59143;Salarié cadre;CDI;Temps plein;Moins de 15.000 km par an;Non;Non;0.5;Homme;42;Marié;Artisan;CDI;Temps plein;Non;Non;Non;0.5;
LOAN2017;102;LOAN2017_102;Non;1;349680;Amortissable;Variable;1,5;20;1;108;Homme;36;Célibataire;59147;Agriculteur;CDI;Temps plein;Moins de 15.000 km par an;Non;Non;0.5;Femme;29;Marié;Salarié cadre;CDI;Temps partiel;Non;Non;Non;0.5;
LOAN2017;96;LOAN2017_96;Oui;1;208030;Amortissable;Variable;1,7;25;0;141;Homme;32;Marié;13850;Salarié ;TNS;Temps plein;Moins de 15.000 km par an;Oui;oui;1;None;None;None;None;None;None;None;None;None;None;
LOAN2017;104;LOAN2017_104;Oui;1;132840;Amortissable;Fixe;2;15;1;257;Femme;27;Célibataire;79220;Salarié ;CDI;Temps plein;Moins de 15.000 km par an;Non;Non;1;None;None;None;None;None;None;None;None;None;None;
LOAN2017;109;LOAN2017_109;Oui;1;305300;Amortissable;Fixe;1,8;20;0;212;Homme;45;Marié;16340;Fonctionnaire;CDI;Temps plein;Moins de 15.000 km par an;Non;Non;1;None;None;None;None;None;None;None;None;None;None;
LOAN2017;112;LOAN2017_112;Oui;1;238200;Amortissable;Fixe;2;20;2;234;Homme;31;Marié;75019;Salarié ;CDI;Temps plein;Moins de 15.000 km par an;Non;Non;1;None;None;None;None;None;None;None;None;None;None;
LOAN2017;113;LOAN2017_113;Oui;1;219000;Amortissable;Fixe;1,8;25;1;133;Homme;21;Célibataire;41800;Commerçant;CDI;Temps plein;Plus de 20.000 km par an;Non;Non;1;None;None;None;None;None;None;None;None;None;None;
LOAN2017;114;LOAN2017_114;Oui;1;347496;Amortissable;Fixe;2;18;0;139;Femme;23;Célibataire;49100;Salarié cadre;CDI;Temps plein;Non;Non;Non;1;None;None;None;None;None;None;None;None;None;None;
LOAN2017;115;LOAN2017_115;Oui;1;232790;Amortissable;Fixe;2,1;20;0;44;Femme;50;Marié;69440;Salarié cadre;CDI;Temps plein;Entre 15.000 et 20.000 km par an;Non;Non;1;None;None;None;None;None;None;None;None;None;None;
LOAN2017;116;LOAN2017_116;Oui;1;239400;Amortissable;Fixe;1,7;25;1;142;Femme;49;Concubinage;44630;Salarié cadre;TNS;Temps plein;Non;Non;Non;1;None;None;None;None;None;None;None;None;None;None;
LOAN2017;98;LOAN2017_98;Non;1;187000;Amortissable;Variable;1,6;20;0;163;Homme;32;Célibataire;34260;Salarié cadre;CDI;Temps plein;Moins de 15.000 km par an;Non;Non;0.7;Homme;35;Concubinage;Fonctionnaire;CDI;Temps plein;Non;Non;Non;0.3;
LOAN2017;99;LOAN2017_99;Non;1;162110;Amortissable;Fixe;1,9;20;0;103;Homme;46;Concubinage;83500;Profession Libérale;CDI;Temps partiel;Moins de 15.000 km par an;Non;oui;0.7;Femme;28;Célibataire;Enseignant;CDI;Temps plein;Non;Non;Non;0.3;
LOAN2017;106;LOAN2017_106;Non;1;105000;Amortissable;Fixe;2,1;25;0;157;Homme;39;Marié;76220;Salarié cadre;CDI;Temps plein;Moins de 15.000 km par an;Non;Non;0.5;Homme;32;Célibataire;Salarié ;CDI;Temps plein;Moins de 15.000 km par an;Non;Non;0.5;
LOAN2017;101;LOAN2017_101;Non;1;210810;In Fine;Variable;2;15;3;365;Femme;44;Concubinage;67320;Salarié cadre;CDI;Temps partiel;Moins de 15.000 km par an;Non;Non;0.7;Homme;34;Célibataire;Salarié cadre;CDI;Temps plein;Moins de 15.000 km par an;Non;Non;0.3;
LOAN2017;103;LOAN2017_103;Non;1;101700;Amortissable;Variable;1,5;21;0;152;Homme;48;Pacs;13123;Profession Libérale;CDI;Temps plein;Entre 15.000 et 20.000 km par an;Non;Non;0.7;Femme;47;Marié;Fonctionnaire;CDI;Temps plein;Moins de 15.000 km par an;Non;Non;0.3;
LOAN2017;105;LOAN2017_105;Non;1;440000;Amortissable;Fixe;1,7;20;0;214;Femme;54;Marié;92360;Salarié ;Intérimaire;Temps plein;Moins de 15.000 km par an;Non;Non;0.7;Femme;71;Pacs;Salarié cadre;CDI;Temps plein;Non;Oui;Non;0.3;
LOAN2017;108;LOAN2017_108;Non;1;275630;Amortissable;Variable;1,9;25;0;306;Homme;32;Marié;95420;Salarié ;TNS;Temps plein;Moins de 15.000 km par an;Non;Non;0.7;Homme;45;Pacs;Salarié cadre;CDI;Temps plein;Moins de 15.000 km par an;Non;Non;0.3;
LOAN2017;119;LOAN2017_119;Non;1;162000;In Fine;Variable;1,1;20;0;216;Homme;43;Pacs;69690;Salarié ;TNS;Temps plein;Moins de 15.000 km par an;Non;oui;0.5;Homme;43;Célibataire;Salarié cadre;CDD;Temps plein;Plus de 20.000 km par an;Non;Non;0.5;
LOAN2017;107;LOAN2017_107;Non;1;166700;Amortissable;Fixe;2;15;0;48;Homme;42;Célibataire;78960;Salarié ;CDI;Temps plein;Non;Non;Non;0.5;Homme;38;Concubinage;Salarié ;CDI;Temps plein;Moins de 15.000 km par an;Non;Non;0.5;
LOAN2017;110;LOAN2017_110;Non;1;139000;Amortissable;Fixe;1,7;25;0;183;Femme;44;Marié;95640;Profession médicale;Intérimaire;Temps plein;Plus de 20.000 km par an;Non;oui;0.5;Homme;33;Pacs;Salarié cadre;TNS;Temps plein;Moins de 15.000 km par an;Non;Non;0.5;
LOAN2017;111;LOAN2017_111;Non;1;104237;Amortissable;Fixe;1,6;10;0;147;Homme;58;Concubinage;69620;Enseignant;CDI;Temps plein;Moins de 15.000 km par an;Non;Non;0.5;Homme;26;Célibataire;Salarié ;Intérimaire;Temps partiel;Moins de 15.000 km par an;Non;Non;0.5;
LOAN2017;117;LOAN2017_117;Non;1;218300;Amortissable;Fixe;1,9;25;0;234;Homme;39;Célibataire;75019;Salarié cadre;CDI;Temps plein;Non;Non;Non;0.5;Homme;36;Célibataire;Salarié ;CDI;Temps plein;Non;Oui;Non;0.5;
LOAN2017;121;LOAN2017_121;Non;1;84000;Amortissable;Fixe;2;25;0;172;Homme;34;Célibataire;88000;Salarié ;CDI;Temps plein;Moins de 15.000 km par an;Non;Non;0.5;Homme;35;Marié;Fonctionnaire;CDI;Temps plein;Entre 15.000 et 20.000 km par an;Non;Non;0.5;
LOAN2017;123;LOAN2017_123;Non;1;241427;Amortissable;Fixe;2,3;20;0;365;Homme;38;Marié;78240;Salarié ;TNS;Temps plein;Entre 15.000 et 20.000 km par an;Oui;Non;0.5;Homme;42;Marié;Recherche d'emploi;None;None;None;None;Non;0.5;
LOAN2017;124;LOAN2017_124;Non;1;346800;Amortissable;Fixe;1,7;15;0;195;Homme;41;Concubinage;77220;Salarié cadre;CDI;Temps plein;Plus de 20.000 km par an;Non;Non;0.5;Homme;32;Concubinage;Salarié cadre;CDI;Temps plein;Moins de 15.000 km par an;Non;Non;0.5;
LOAN2017;125;LOAN2017_125;Non;1;533674;Amortissable;Fixe;1,6;25;0;281;Homme;31;Marié;78270;Salarié ;TNS;Temps plein;Non;Non;Non;0.5;Homme;30;Marié;Salarié ;CDI;Temps plein;Plus de 20.000 km par an;Non;Non;0.5;
LOAN2017;134;LOAN2017_134;Non;1;182000;Amortissable;Fixe;2,4;15;2;296;Homme;38;Pacs;59600;Salarié ;CDI;Temps plein;Plus de 20.000 km par an;Non;Non;0.5;Homme;39;Marié;Salarié ;CDI;Temps plein;Non;Oui;Non;0.5;
LOAN2017;137;LOAN2017_137;Non;1;327000;Amortissable;Fixe;1,9;20;0;196;Homme;34;Célibataire;94240;Fonctionnaire;CDI;Temps plein;Non;Non;Non;0.5;Homme;35;Marié;Salarié cadre;CDI;Temps plein;Moins de 15.000 km par an;Oui;oui;0.5;
LOAN2017;138;LOAN2017_138;Non;1;176853;Amortissable;Fixe;1,5;20;0;119;Homme;40;Célibataire;59670;Salarié ;CDI;Temps plein;Moins de 15.000 km par an;Non;Non;0.5;Homme;30;Pacs;Salarié ;CDI;Temps plein;Entre 15.000 et 20.000 km par an;Non;Non;0.5;
LOAN2017;140;LOAN2017_140;Non;1;247600;Amortissable;Fixe;1,5;20;0;99;Femme;55;Marié;29810;Fonctionnaire;CDI;Temps plein;Non;Oui;Non;0.5;Homme;44;Marié;Commerçant;CDI;Temps plein;Moins de 15.000 km par an;Non;Non;0.5;
LOAN2017;133;LOAN2017_133;Oui;1;275980;Amortissable;Variable;1,9;20;2;45;Femme;32;Marié;50250;Salarié cadre;CDI;Temps plein;Moins de 15.000 km par an;Non;Non;1;None;None;None;None;None;None;None;None;None;None;
LOAN2017;141;LOAN2017_141;Non;1;35590;Amortissable;Fixe;2;15;0;183;Homme;30;Pacs;69480;Salarié cadre;CDI;Temps plein;Non;Non;oui;0.5;Homme;40;Pacs;Salarié cadre;CDI;Temps plein;Non;Non;Non;0.5;
LOAN2017;143;LOAN2017_143;Non;1;128375;Amortissable;Variable;2,2;20;0;161;Homme;41;Célibataire;95580;Chef d'entreprise;CDI;Temps plein;Non;Non;Non;0.5;Homme;31;Célibataire;Fonctionnaire;CDI;Temps plein;Non;Non;Non;0.5;
LOAN2017;145;LOAN2017_145;Non;1;201170;Amortissable;Fixe;1,9;15;1;68;Homme;40;Marié;63340;Profession médicale;CDI;Temps plein;Moins de 15.000 km par an;Non;Non;0.5;Homme;33;Marié;Salarié ;CDI;Temps plein;Non;Non;Non;0.5;
LOAN2017;139;LOAN2017_139;Oui;1;179508;Amortissable;Fixe;2;30;0;8;Homme;25;Marié;30670;Salarié cadre;CDI;Temps plein;Plus de 20.000 km par an;Non;Non;1;None;None;None;None;None;None;None;None;None;None;
LOAN2017;152;LOAN2017_152;Non;1;180010;Amortissable;Variable;1,8;20;0;159;Femme;33;Pacs;13200;Recherche d'emploi;None;None;None;None;Non;0.5;Homme;43;Pacs;Artisan;CDI;Temps plein;Moins de 15.000 km par an;Non;oui;0.5;
LOAN2017;157;LOAN2017_157;Non;1;233960;Amortissable;Fixe;1,6;18;0;128;Homme;57;Concubinage;17100;Ouvrier;CDI;Temps plein;Moins de 15.000 km par an;Non;oui;0.5;Homme;53;Marié;Chef d'entreprise;CDI;Temps plein;Non;Non;Non;0.5;
LOAN2017;142;LOAN2017_142;Oui;1;293300;Amortissable;Variable;1,8;22;0;91;Homme;25;Célibataire;1200;Salarié cadre;CDI;Temps plein;Non;Non;Non;1;None;None;None;None;None;None;None;None;None;None;
LOAN2017;144;LOAN2017_144;Oui;1;176000;Amortissable;Fixe;1,6;20;3;115;Homme;23;Célibataire;91620;Salarié cadre;CDI;Temps plein;Moins de 15.000 km par an;Non;Non;1;None;None;None;None;None;None;None;None;None;None;
LOAN2017;147;LOAN2017_147;Oui;1;58000;Amortissable;Fixe;1,6;20;0;143;Homme;34;Pacs;92240;Salarié ;CDI;Temps plein;Entre 15.000 et 20.000 km par an;Non;Non;1;None;None;None;None;None;None;None;None;None;None;
LOAN2017;148;LOAN2017_148;Oui;1;50690;Amortissable;Fixe;2,2;17;3;276;Homme;39;Concubinage;34400;Salarié cadre;TNS;Temps plein;Moins de 15.000 km par an;Non;Non;1;None;None;None;None;None;None;None;None;None;None;
LOAN2017;149;LOAN2017_149;Oui;1;206000;Amortissable;Fixe;1,8;20;0;140;Homme;31;Célibataire;69930;Salarié cadre;CDI;Temps plein;Moins de 15.000 km par an;Non;Non;1;None;None;None;None;None;None;None;None;None;None;
LOAN2017;150;LOAN2017_150;Oui;1;146375;Amortissable;Fixe;1,7;20;0;216;Femme;46;Divorcé;94480;Salarié cadre;CDI;Temps plein;Non;Non;Non;1;None;None;None;None;None;None;None;None;None;None;
LOAN2017;126;LOAN2017_126;Non;1;254000;Amortissable;Fixe;1,8;15;0;228;Femme;42;Célibataire;33860;Fonctionnaire;TNS;Temps partiel;Moins de 15.000 km par an;Non;Non;0.7;Femme;37;Divorcé;Salarié ;Saisonnier;Temps plein;Non;Non;Non;0.3;
LOAN2017;127;LOAN2017_127;Non;1;193000;Amortissable;Fixe;1,4;15;0;197;Homme;43;Célibataire;92260;Fonctionnaire;Saisonnier;Temps plein;Moins de 15.000 km par an;Non;Non;0.7;Femme;39;Pacs;Sans Profession;None;None;None;None;Non;0.3;
LOAN2017;128;LOAN2017_128;Non;1;116600;Amortissable;Fixe;1,8;25;0;190;Homme;34;Célibataire;93110;Profession Libérale;CDD;Temps plein;Non;Non;Non;0.7;Homme;31;Pacs;Chef d'entreprise;CDI;Temps plein;Entre 15.000 et 20.000 km par an;Non;Non;0.3;
LOAN2017;129;LOAN2017_129;Non;1;209450;Amortissable;Fixe;1,7;15;0;120;Homme;34;Marié;92330;Fonctionnaire;CDI;Temps plein;Non;Non;Non;0.7;Femme;32;Concubinage;Chef d'entreprise;TNS;Temps plein;Non;Non;Non;0.3;
LOAN2017;160;LOAN2017_160;Non;1;210400;Amortissable;Fixe;1,8;15;0;36;Femme;46;Divorcé;77360;Profession Libérale;CDI;Temps plein;Moins de 15.000 km par an;Non;Non;0.5;Homme;32;Célibataire;Salarié cadre;CDI;Temps plein;Moins de 15.000 km par an;Non;Non;0.5;
LOAN2017;169;LOAN2017_169;Non;1;174910;Amortissable;Fixe;1,8;20;0;313;Homme;38;Célibataire;44700;Salarié cadre;CDI;Temps plein;Non;Non;Non;0.5;Homme;27;Concubinage;Salarié cadre;CDI;Temps plein;Moins de 15.000 km par an;Non;Non;0.5;
LOAN2017;171;LOAN2017_171;Non;1;53050;Amortissable;Fixe;1,7;15;2;57;Homme;40;Célibataire;62310;Salarié cadre;CDI;Temps plein;Non;Non;Non;0.5;Homme;56;Célibataire;Recherche d'emploi;None;None;None;None;Non;0.5;
LOAN2017;173;LOAN2017_173;Non;1;216810;Amortissable;Fixe;1,6;20;0;260;Femme;30;Divorcé;95380;Salarié ;CDI;Temps plein;Non;Non;Non;0.5;Femme;42;Marié;Salarié cadre;Saisonnier;Temps plein;Non;Non;Non;0.5;
LOAN2017;177;LOAN2017_177;Non;1;600000;Amortissable;Fixe;1,7;17;0;45;Homme;40;Concubinage;84480;Artisan;CDI;Temps plein;Non;Non;oui;0.5;Homme;54;Concubinage;Enseignant;CDI;Temps plein;Non;Oui;Non;0.5;
LOAN2017;180;LOAN2017_180;Non;1;100760;Amortissable;Variable;1,9;20;4;260;Homme;37;Concubinage;57385;Salarié ;CDI;Temps plein;Non;Oui;Non;0.5;Homme;30;Célibataire;Salarié ;CDI;Temps plein;Non;Non;Non;0.5;
LOAN2017;189;LOAN2017_189;Non;1;129000;In Fine;Fixe;2;20;0;157;Femme;44;Marié;75013;Salarié ;CDI;Temps plein;Moins de 15.000 km par an;Non;Non;0.5;Homme;28;Célibataire;Sans Profession;None;None;None;None;Non;0.5;
LOAN2017;194;LOAN2017_194;Non;1;395427;Amortissable;Variable;1,5;25;1;254;Homme;41;Célibataire;2600;Chef d'entreprise;CDI;Temps plein;Moins de 15.000 km par an;Non;Non;0.5;Homme;32;Pacs;Salarié ;CDI;Temps plein;Moins de 15.000 km par an;Non;oui;0.5;
LOAN2017;197;LOAN2017_197;Non;1;165740;Amortissable;Fixe;2;15;4;99;Femme;32;Pacs;78280;Salarié cadre;CDI;Temps plein;Entre 15.000 et 20.000 km par an;Non;oui;0.5;Homme;43;Marié;Fonctionnaire;CDI;Temps plein;Plus de 20.000 km par an;Non;Non;0.5;
LOAN2017;201;LOAN2017_201;Non;1;69000;Amortissable;Fixe;1,8;20;0;126;Homme;43;Pacs;10140;Salarié ;CDI;Temps plein;Moins de 15.000 km par an;Non;oui;0.5;Homme;25;Pacs;Salarié ;CDI;Temps plein;Non;Non;Non;0.5;
LOAN2017;204;LOAN2017_204;Non;1;193921;Amortissable;Fixe;1,4;20;1;136;Homme;35;Célibataire;22200;Chef d'entreprise;CDI;Temps plein;Non;Non;Non;0.5;Homme;37;Marié;Salarié ;CDI;Temps partiel;Non;Non;Non;0.5;
LOAN2017;205;LOAN2017_205;Non;1;218000;Amortissable;Fixe;1,7;20;0;165;Femme;46;Pacs;75001;Salarié cadre;CDI;Temps plein;Non;Non;oui;0.5;Homme;30;Divorcé;Salarié ;TNS;Temps plein;Non;Non;Non;0.5;
LOAN2017;161;LOAN2017_161;Oui;1;130000;Amortissable;Variable;1,4;20;2;124;Homme;39;Concubinage;34340;Salarié cadre;CDI;Temps plein;Non;Non;Non;1;None;None;None;None;None;None;None;None;None;None;
LOAN2017;165;LOAN2017_165;Oui;1;255000;Amortissable;Fixe;1,4;15;1;88;Homme;51;Marié;54360;Salarié ;CDI;Temps plein;Moins de 15.000 km par an;Non;Non;1;None;None;None;None;None;None;None;None;None;None;
LOAN2017;166;LOAN2017_166;Oui;1;204000;Amortissable;Variable;1,7;20;0;155;Homme;29;Célibataire;11190;Salarié ;Intérimaire;Temps plein;Non;Non;Non;1;None;None;None;None;None;None;None;None;None;None;
LOAN2017;167;LOAN2017_167;Oui;1;170000;In Fine;Fixe;1,4;20;0;32;Homme;30;Concubinage;13290;Salarié cadre;TNS;Temps partiel;Non;Non;oui;1;None;None;None;None;None;None;None;None;None;None;
LOAN2017;168;LOAN2017_168;Oui;1;144000;Amortissable;Fixe;1,1;25;0;121;Femme;29;Marié;34480;Salarié ;CDI;Temps plein;Entre 15.000 et 20.000 km par an;Non;Non;1;None;None;None;None;None;None;None;None;None;None;
LOAN2017;170;LOAN2017_170;Oui;1;68000;Amortissable;Fixe;1,4;15;0;113;Homme;34;Divorcé;69650;Salarié ;CDI;Temps plein;Non;Non;Non;1;None;None;None;None;None;None;None;None;None;None;
LOAN2017;172;LOAN2017_172;Oui;1;230024;Amortissable;Fixe;2;15;1;150;Homme;38;Célibataire;54330;Salarié cadre;CDI;Temps plein;Moins de 15.000 km par an;Non;oui;1;None;None;None;None;None;None;None;None;None;None;
LOAN2017;206;LOAN2017_206;Non;1;181340;Amortissable;Fixe;2;30;0;298;Homme;40;Célibataire;94400;Salarié ;CDI;Temps plein;Moins de 15.000 km par an;Non;Non;0.5;Femme;41;Célibataire;Salarié ;CDI;Temps plein;Non;Non;Non;0.5;
LOAN2017;174;LOAN2017_174;Oui;1;87825;In Fine;Fixe;1,7;15;0;178;Homme;37;Concubinage;92370;Recherche d'emploi;None;None;None;None;oui;1;None;None;None;None;None;None;None;None;None;None;
LOAN2017;207;LOAN2017_207;Non;1;135690;Amortissable;Variable;1,8;15;0;56;Homme;35;Concubinage;92360;Salarié cadre;CDI;Temps plein;Non;Non;oui;0.5;Homme;26;Célibataire;Salarié ;CDI;Temps plein;Moins de 15.000 km par an;Non;oui;0.5;
LOAN2017;209;LOAN2017_209;Non;1;28000;Amortissable;Fixe;1,7;15;0;67;Homme;37;Pacs;95220;Profession Libérale;CDI;Temps plein;Moins de 15.000 km par an;Non;Non;0.5;Femme;37;Célibataire;Salarié ;CDI;Temps plein;Entre 15.000 et 20.000 km par an;Oui;Non;0.5;
LOAN2017;175;LOAN2017_175;Oui;1;56000;Amortissable;Fixe;1,5;25;4;175;Femme;41;Marié;38190;Salarié ;Intérimaire;Temps plein;Moins de 15.000 km par an;Oui;Non;1;None;None;None;None;None;None;None;None;None;None;
LOAN2017;176;LOAN2017_176;Oui;1;103104;Amortissable;Fixe;1,9;14;3;143;Femme;39;Célibataire;92190;Salarié ;CDI;Temps plein;Non;Non;Non;1;None;None;None;None;None;None;None;None;None;None;
LOAN2017;210;LOAN2017_210;Non;1;162000;Amortissable;Variable;1,4;15;0;22;Homme;37;Pacs;91360;Salarié ;CDI;Temps plein;Moins de 15.000 km par an;Oui;Non;0.5;Femme;35;Célibataire;Chef d'entreprise;CDI;Temps plein;Non;Non;Non;0.5;
LOAN2017;211;LOAN2017_211;Non;1;186880;Amortissable;Fixe;1,6;20;0;185;Homme;45;Marié;59880;Ouvrier;CDI;Temps plein;Entre 15.000 et 20.000 km par an;Non;Non;0.5;Homme;41;Pacs;Salarié ;CDI;Temps plein;Non;Non;Non;0.5;
LOAN2017;216;LOAN2017_216;Non;1;169600;Amortissable;Fixe;1,5;20;1;95;Femme;57;Célibataire;33420;Salarié ;CDI;Temps partiel;Moins de 15.000 km par an;Non;Non;0.5;Homme;46;Marié;Salarié ;CDI;Temps plein;Non;Non;Non;0.5;
LOAN2017;217;LOAN2017_217;Non;1;59000;Amortissable;Variable;2,2;20;0;160;Homme;45;Pacs;38620;Fonctionnaire;CDI;Temps partiel;Non;Non;Non;0.5;Homme;32;Concubinage;Salarié ;CDI;Temps plein;Non;Non;oui;0.5;
LOAN2017;155;LOAN2017_155;Non;1;299690;Amortissable;Fixe;1,7;20;0;179;Femme;35;Pacs;59216;Profession Libérale;CDI;Temps plein;Moins de 15.000 km par an;Non;Non;0.7;Homme;25;Marié;Ouvrier;CDI;Temps plein;Moins de 15.000 km par an;Non;Non;0.3;
LOAN2017;156;LOAN2017_156;Non;1;19000;Amortissable;Variable;1,6;25;1;101;Femme;50;Marié;95690;Fonctionnaire;CDI;Temps plein;Non;Non;Non;0.7;Femme;31;Concubinage;Salarié cadre;CDI;Temps plein;Moins de 15.000 km par an;Non;Non;0.3;
LOAN2017;158;LOAN2017_158;Non;1;600000;Amortissable;Fixe;1,8;20;0;143;Homme;31;Célibataire;89800;Enseignant;CDI;Temps plein;Non;Non;oui;0.7;Femme;36;Marié;Salarié cadre;CDI;Temps plein;Non;Non;Non;0.3;
LOAN2017;159;LOAN2017_159;Non;1;401000;Amortissable;Variable;1,8;25;0;8;Homme;34;Célibataire;69440;Salarié cadre;CDI;Temps plein;Moins de 15.000 km par an;Non;Non;0.7;Femme;45;Marié;Fonctionnaire;Intérimaire;Temps plein;Non;Non;oui;0.3;
LOAN2017;162;LOAN2017_162;Non;1;65000;In Fine;Fixe;1,6;25;0;137;Homme;43;Célibataire;49170;Profession médicale;CDI;Temps plein;Non;Non;Non;0.7;Homme;27;Pacs;Salarié cadre;CDI;Temps plein;Moins de 15.000 km par an;Non;Non;0.3;
LOAN2017;163;LOAN2017_163;Non;1;153000;Amortissable;Fixe;2,1;25;2;83;Homme;32;Marié;93600;Etudiant;None;None;None;None;Non;0.7;Homme;45;Marié;Salarié ;CDI;Temps plein;Moins de 15.000 km par an;Non;Non;0.3;
LOAN2017;179;LOAN2017_179;Non;1;109720;Amortissable;Fixe;1,7;15;0;158;Homme;30;Marié;93220;Fonctionnaire;TNS;Temps plein;Non;Non;Non;0.7;Homme;41;Pacs;Recherche d'emploi;None;None;None;None;Non;0.3;
LOAN2017;299;LOAN2017_299;Non;1;95000;Amortissable;Variable;2;22;0;308;Homme;49;Marié;19210;Profession médicale;CDI;Temps plein;Moins de 15.000 km par an;Non;oui;0.7;Homme;53;Divorcé;Salarié cadre;CDI;Temps plein;Moins de 15.000 km par an;Non;Non;0.3;
LOAN2017;300;LOAN2017_300;Non;1;174500;Amortissable;Fixe;1,6;16;0;68;Homme;32;Marié;59263;Salarié cadre;CDI;Temps partiel;Non;Non;Non;0.7;Homme;49;Marié;Salarié cadre;CDI;Temps plein;Moins de 15.000 km par an;Non;Non;0.3;
LOAN2017;302;LOAN2017_302;Non;1;56010;Amortissable;Fixe;1,7;25;0;184;Femme;56;Marié;33210;Sans Profession;None;None;None;None;Non;0.7;Femme;34;Veuf;Salarié ;CDI;Temps plein;Moins de 15.000 km par an;Non;Non;0.3;
LOAN2017;0;LOAN2017_0;Non;1;150000;Amortissable;Fixe;1,7;20;0;70;Homme;36;Marié;75006;Salarié cadre;CDI;Temps plein;Non;Non;Non;0.7;Femme;37;Marié;Salarié cadre;CDI;Temps plein;Non;Non;Non;0.3;
LOAN2017;1;LOAN2017_1;Non;1;150000;Amortissable;Fixe;1,7;20;0;70;Homme;18;Marié;75006;Salarié cadre;CDI;Temps plein;Non;Non;Non;0.7;Femme;37;Marié;Salarié cadre;CDI;Temps plein;Non;Non;Non;0.3;
LOAN2017;2;LOAN2017_2;Non;1;150000;Amortissable;Fixe;1,7;20;0;70;Homme;25;Marié;75006;Salarié cadre;CDI;Temps plein;Non;Non;Non;0.7;Femme;37;Marié;Salarié cadre;CDI;Temps plein;Non;Non;Non;0.3;
LOAN2017;186;LOAN2017_186;Oui;1;181400;Amortissable;Fixe;1,4;23;0;101;Homme;33;Pacs;13210;Salarié ;TNS;Temps plein;Non;Non;oui;1;None;None;None;None;None;None;None;None;None;None;
LOAN2017;187;LOAN2017_187;Oui;1;155800;Amortissable;Variable;1,9;20;0;175;Femme;33;Célibataire;54760;Salarié ;CDI;Temps plein;Moins de 15.000 km par an;Non;Non;1;None;None;None;None;None;None;None;None;None;None;
LOAN2017;188;LOAN2017_188;Oui;1;169000;Amortissable;Fixe;1,6;23;0;83;Femme;28;Marié;93360;Artisan;CDI;Temps plein;Non;Non;Non;1;None;None;None;None;None;None;None;None;None;None;
LOAN2017;190;LOAN2017_190;Oui;1;149110;Amortissable;Fixe;1,8;25;1;153;Homme;33;Célibataire;44290;Fonctionnaire;Intérimaire;Temps plein;Non;Non;oui;1;None;None;None;None;None;None;None;None;None;None;
LOAN2017;192;LOAN2017_192;Oui;1;222000;Amortissable;Fixe;2,1;25;0;114;Homme;45;Marié;93340;Salarié cadre;CDI;Temps plein;Moins de 15.000 km par an;Non;Non;1;None;None;None;None;None;None;None;None;None;None;
LOAN2017;195;LOAN2017_195;Oui;1;141000;Amortissable;Fixe;1,2;20;4;365;Homme;33;Pacs;34730;Profession Libérale;TNS;Temps plein;Moins de 15.000 km par an;Non;Non;1;None;None;None;None;None;None;None;None;None;None;
LOAN2017;196;LOAN2017_196;Oui;1;134400;Amortissable;Fixe;1,9;20;0;252;Homme;39;Célibataire;25870;Fonctionnaire;CDI;Temps plein;Moins de 15.000 km par an;Non;Non;1;None;None;None;None;None;None;None;None;None;None;
LOAN2017;199;LOAN2017_199;Oui;1;158880;Amortissable;Variable;1,4;15;0;139;Homme;32;Concubinage;94550;Salarié ;CDI;Temps plein;Moins de 15.000 km par an;Non;Non;1;None;None;None;None;None;None;None;None;None;None;
LOAN2017;200;LOAN2017_200;Oui;1;103000;Amortissable;Fixe;1,9;15;2;143;Homme;26;Célibataire;62170;Salarié ;CDI;Temps plein;Non;Non;Non;1;None;None;None;None;None;None;None;None;None;None;
LOAN2017;203;LOAN2017_203;Oui;1;120300;Amortissable;Fixe;1,6;15;0;158;Femme;53;Marié;6670;Salarié ;CDI;Temps plein;Non;Non;oui;1;None;None;None;None;None;None;None;None;None;None;
LOAN2017;213;LOAN2017_213;Oui;1;240300;Amortissable;Fixe;2,2;15;0;60;Homme;35;Marié;37120;Salarié cadre;CDI;Temps plein;Non;Non;Non;1;None;None;None;None;None;None;None;None;None;None;
LOAN2017;218;LOAN2017_218;Non;1;245214;Amortissable;Fixe;1,9;15;0;86;Homme;30;Pacs;84150;Salarié ;TNS;Temps partiel;Non;Non;Non;0.5;Homme;36;Célibataire;Salarié cadre;CDI;Temps plein;Moins de 15.000 km par an;Non;Non;0.5;
LOAN2017;224;LOAN2017_224;Non;1;323000;Amortissable;Variable;2;15;0;46;Homme;42;Marié;1170;Salarié ;CDI;Temps plein;Plus de 20.000 km par an;Non;Non;0.5;Homme;33;Divorcé;Fonctionnaire;TNS;Temps plein;Moins de 15.000 km par an;Non;Non;0.5;
LOAN2017;230;LOAN2017_230;Non;1;346000;Amortissable;Fixe;1,7;20;1;97;Homme;39;Concubinage;84700;Salarié cadre;CDI;Temps plein;Non;Non;Non;0.5;Homme;32;Pacs;Salarié cadre;CDI;Temps plein;Entre 15.000 et 20.000 km par an;Non;Non;0.5;
LOAN2017;231;LOAN2017_231;Non;1;244900;In Fine;Fixe;1,7;20;0;248;Femme;38;Concubinage;59650;Salarié ;TNS;Temps plein;Non;Non;Non;0.5;Femme;37;Pacs;Salarié ;CDI;Temps plein;Moins de 15.000 km par an;Non;Non;0.5;
LOAN2017;232;LOAN2017_232;Non;1;212089;Amortissable;Fixe;1,6;20;0;70;Homme;64;Célibataire;87400;Retraité ;None;None;None;None;Non;0.5;Femme;51;Concubinage;Sans Profession;None;None;None;None;oui;0.5;
LOAN2017;233;LOAN2017_233;Non;1;20000;Amortissable;Fixe;2,1;19;0;365;Homme;30;Marié;44130;Salarié cadre;CDI;Temps plein;Non;Non;Non;0.5;Homme;30;Célibataire;Salarié ;CDI;Temps plein;Non;Non;Non;0.5;
LOAN2017;236;LOAN2017_236;Non;1;124180;Amortissable;Fixe;1,7;30;0;191;Femme;37;Concubinage;59246;Profession médicale;CDI;Temps plein;Entre 15.000 et 20.000 km par an;Non;Non;0.5;Homme;53;Célibataire;Fonctionnaire;CDI;Temps plein;Moins de 15.000 km par an;Non;oui;0.5;
LOAN2017;214;LOAN2017_214;Oui;1;229630;Amortissable;Variable;1,7;15;0;152;Homme;37;Pacs;30200;Salarié ;CDI;Temps plein;Non;Non;Non;1;None;None;None;None;None;None;None;None;None;None;
LOAN2017;191;LOAN2017_191;Non;1;210807;Amortissable;Fixe;1,5;20;2;110;Homme;32;Pacs;47290;Salarié cadre;CDI;Temps plein;Moins de 15.000 km par an;Non;Non;0.7;Homme;40;Marié;Salarié cadre;CDI;Temps plein;Moins de 15.000 km par an;Non;Non;0.3;
LOAN2017;193;LOAN2017_193;Non;1;290970;Amortissable;Fixe;1,7;20;0;127;Homme;37;Concubinage;69690;Fonctionnaire;CDI;Temps partiel;Moins de 15.000 km par an;Non;Non;0.7;Homme;35;Célibataire;Artisan;CDI;Temps plein;Moins de 15.000 km par an;Non;Non;0.3;
LOAN2017;198;LOAN2017_198;Non;1;285728;Amortissable;Fixe;1,7;24;0;284;Homme;38;Concubinage;38450;Salarié cadre;CDI;Temps plein;Moins de 15.000 km par an;Non;Non;0.7;Homme;53;Marié;Commerçant;CDI;Temps plein;Moins de 15.000 km par an;Non;Non;0.3;
LOAN2017;202;LOAN2017_202;Non;1;117700;Amortissable;Variable;1,5;15;0;115;Homme;30;Célibataire;92310;Recherche d'emploi;None;None;None;None;Non;0.7;Homme;34;Concubinage;Salarié ;CDI;Temps plein;Non;Non;Non;0.3;
LOAN2017;208;LOAN2017_208;Non;1;144900;Amortissable;Variable;1,6;20;0;158;Femme;37;Marié;13009;Salarié ;CDI;Temps partiel;Entre 15.000 et 20.000 km par an;Non;oui;0.7;Homme;39;Concubinage;Salarié ;CDI;Temps partiel;Entre 15.000 et 20.000 km par an;Non;Non;0.3;
LOAN2017;212;LOAN2017_212;Non;1;421940;Amortissable;Fixe;1,4;25;0;30;Femme;43;Concubinage;24300;Fonctionnaire;CDI;Temps plein;Non;Non;oui;0.7;Homme;54;Pacs;Salarié ;CDI;Temps plein;Non;Non;Non;0.3;
LOAN2017;215;LOAN2017_215;Non;1;97100;Amortissable;Fixe;1,9;20;3;274;Homme;35;Concubinage;67690;Salarié cadre;Saisonnier;Temps plein;Entre 15.000 et 20.000 km par an;Non;Non;0.7;Femme;39;Pacs;Salarié cadre;CDI;Temps plein;Non;Non;oui;0.3;
LOAN2017;3;LOAN2017_3;Non;1;150000;Amortissable;Fixe;1,7;20;0;70;Homme;30;Marié;75006;Salarié cadre;CDI;Temps plein;Non;Non;Non;0.7;Femme;37;Marié;Salarié cadre;CDI;Temps plein;Non;Non;Non;0.3;
LOAN2017;4;LOAN2017_4;Non;1;150000;Amortissable;Fixe;1,7;20;0;70;Homme;35;Marié;75006;Salarié cadre;CDI;Temps plein;Non;Non;Non;0.7;Femme;37;Marié;Salarié cadre;CDI;Temps plein;Non;Non;Non;0.3;
LOAN2017;5;LOAN2017_5;Non;1;150000;Amortissable;Fixe;1,7;20;0;70;Homme;40;Marié;75006;Salarié cadre;CDI;Temps plein;Non;Non;Non;0.7;Femme;37;Marié;Salarié cadre;CDI;Temps plein;Non;Non;Non;0.3;
LOAN2017;219;LOAN2017_219;Oui;1;199853;Amortissable;Fixe;1,9;15;1;124;Homme;26;Marié;95520;Salarié cadre;CDI;Temps plein;Plus de 20.000 km par an;Non;Non;1;None;None;None;None;None;None;None;None;None;None;
LOAN2017;220;LOAN2017_220;Oui;1;199000;Amortissable;Fixe;1,5;15;0;214;Homme;39;Célibataire;77340;Commerçant;CDI;Temps plein;Plus de 20.000 km par an;Non;Non;1;None;None;None;None;None;None;None;None;None;None;
LOAN2017;225;LOAN2017_225;Oui;1;303000;Amortissable;Fixe;1,8;25;0;133;Homme;61;Pacs;75001;Retraité ;None;None;None;None;Non;1;None;None;None;None;None;None;None;None;None;None;
LOAN2017;226;LOAN2017_226;Oui;1;180550;Amortissable;Variable;1,7;20;0;130;Homme;42;Divorcé;7370;Salarié cadre;CDI;Temps plein;Moins de 15.000 km par an;Non;Non;1;None;None;None;None;None;None;None;None;None;None;
LOAN2017;227;LOAN2017_227;Oui;1;266353;Amortissable;Fixe;1,9;20;3;17;Femme;44;Célibataire;39330;Salarié ;CDI;Temps partiel;Non;Non;Non;1;None;None;None;None;None;None;None;None;None;None;
LOAN2017;234;LOAN2017_234;Oui;1;137600;Amortissable;Fixe;1,8;20;3;133;Homme;32;Marié;62870;Salarié ;TNS;Temps plein;Moins de 15.000 km par an;Non;Non;1;None;None;None;None;None;None;None;None;None;None;
LOAN2017;235;LOAN2017_235;Oui;1;93000;Amortissable;Fixe;1,9;20;0;107;Femme;26;Marié;80270;Salarié cadre;CDI;Temps plein;Entre 15.000 et 20.000 km par an;Non;Non;1;None;None;None;None;None;None;None;None;None;None;
LOAN2017;241;LOAN2017_241;Oui;1;142000;Amortissable;Fixe;1,2;20;1;133;Femme;40;Célibataire;37390;Salarié cadre;CDI;Temps plein;Non;Non;Non;1;None;None;None;None;None;None;None;None;None;None;
LOAN2017;242;LOAN2017_242;Oui;1;128000;Amortissable;Fixe;1,5;25;0;152;Femme;25;Célibataire;31600;Sans Profession;None;None;None;None;Non;1;None;None;None;None;None;None;None;None;None;None;
LOAN2017;245;LOAN2017_245;Oui;1;243000;Amortissable;Fixe;1,8;15;0;97;Homme;28;Concubinage;31430;Salarié ;CDI;Temps plein;Moins de 15.000 km par an;Non;Non;1;None;None;None;None;None;None;None;None;None;None;
LOAN2017;221;LOAN2017_221;Non;1;249380;Amortissable;Fixe;1,2;20;0;113;Homme;39;Concubinage;75016;Fonctionnaire;CDI;Temps plein;Non;Non;Non;0.7;Femme;26;Divorcé;Salarié ;CDI;Temps plein;Moins de 15.000 km par an;Non;Non;0.3;
LOAN2017;238;LOAN2017_238;Non;1;154420;Amortissable;Fixe;2,1;15;3;136;Femme;45;Marié;74150;Salarié cadre;CDI;Temps plein;Moins de 15.000 km par an;Non;Non;0.5;Femme;39;Célibataire;Salarié cadre;CDI;Temps plein;Entre 15.000 et 20.000 km par an;Non;Non;0.5;
LOAN2017;246;LOAN2017_246;Non;1;112609;Amortissable;Fixe;1,6;15;3;187;Homme;52;Célibataire;57250;Commerçant;CDI;Temps plein;Non;Non;Non;0.5;Homme;29;Marié;Salarié cadre;CDI;Temps plein;Moins de 15.000 km par an;Non;oui;0.5;
LOAN2017;258;LOAN2017_258;Non;1;277246;Amortissable;Fixe;1,6;25;0;92;Femme;36;Célibataire;13330;Salarié ;TNS;Temps plein;Moins de 15.000 km par an;Non;Non;0.5;Homme;34;Pacs;Enseignant;CDI;Temps plein;Non;Non;Non;0.5;
LOAN2017;259;LOAN2017_259;Non;1;146650;Amortissable;Fixe;1,9;15;0;364;Homme;40;Pacs;27500;Salarié ;CDI;Temps plein;Non;Non;Non;0.5;Homme;33;Célibataire;Salarié ;CDI;Temps plein;Non;Non;Non;0.5;
LOAN2017;266;LOAN2017_266;Non;1;159500;Amortissable;Variable;2;12;0;153;Homme;32;Pacs;93130;Ouvrier;CDI;Temps plein;Entre 15.000 et 20.000 km par an;Non;Non;0.5;Homme;29;Célibataire;Salarié ;TNS;Temps plein;Moins de 15.000 km par an;Non;Non;0.5;
LOAN2017;267;LOAN2017_267;Non;1;187000;Amortissable;Fixe;1,9;24;0;137;Homme;45;Pacs;75012;Fonctionnaire;CDI;Temps partiel;Moins de 15.000 km par an;Non;Non;0.5;Homme;30;Marié;Salarié ;CDI;Temps plein;Non;Non;Non;0.5;
LOAN2017;268;LOAN2017_268;Non;1;321920;Amortissable;Fixe;1,2;18;0;155;Homme;45;Concubinage;93150;Salarié ;CDI;Temps plein;Moins de 15.000 km par an;Non;Non;0.5;Femme;35;Pacs;Commerçant;CDI;Temps plein;Non;Non;Non;0.5;
LOAN2017;222;LOAN2017_222;Non;1;324622;Amortissable;Fixe;1,6;20;2;172;Femme;35;Concubinage;94170;Salarié ;CDI;Temps plein;Moins de 15.000 km par an;Non;Non;0.7;Homme;53;Concubinage;Profession médicale;CDI;Temps plein;Non;Non;Non;0.3;
LOAN2017;223;LOAN2017_223;Non;1;381000;Amortissable;Fixe;2,2;20;0;258;Homme;32;Concubinage;51500;Fonctionnaire;Intérimaire;Temps partiel;Non;Non;Non;0.7;Femme;39;Célibataire;Agriculteur;CDI;Temps plein;Non;Non;Non;0.3;
LOAN2017;228;LOAN2017_228;Non;1;126000;Amortissable;Fixe;1,5;20;0;146;Homme;46;Célibataire;1160;Fonctionnaire;CDI;Temps plein;Moins de 15.000 km par an;Non;Non;0.7;Homme;30;Marié;Salarié cadre;TNS;Temps plein;Non;Non;Non;0.3;
LOAN2017;229;LOAN2017_229;Non;1;182600;Amortissable;Variable;1,9;25;0;197;Homme;34;Célibataire;92230;Salarié cadre;CDI;Temps plein;Non;Non;oui;0.7;Homme;35;Célibataire;Salarié cadre;CDI;Temps plein;Moins de 15.000 km par an;Oui;oui;0.3;
LOAN2017;239;LOAN2017_239;Non;1;81000;Amortissable;Fixe;1,5;20;3;4;Homme;31;Marié;67250;Salarié ;CDI;Temps plein;Moins de 15.000 km par an;Non;Non;0.7;Homme;46;Marié;Salarié cadre;CDI;Temps plein;Entre 15.000 et 20.000 km par an;Non;Non;0.3;
LOAN2017;240;LOAN2017_240;Non;1;390268;Amortissable;Fixe;1,7;25;0;194;Femme;37;Marié;57260;Salarié cadre;CDI;Temps plein;Moins de 15.000 km par an;Non;Non;0.7;Femme;46;Marié;Salarié ;CDI;Temps plein;Non;Non;oui;0.3;
LOAN2017;243;LOAN2017_243;Non;1;390000;Amortissable;Fixe;1,7;15;0;82;Homme;38;Célibataire;45410;Salarié ;CDI;Temps plein;Moins de 15.000 km par an;Non;oui;0.7;Homme;39;Concubinage;Salarié ;TNS;Temps plein;Non;Non;Non;0.3;
LOAN2017;244;LOAN2017_244;Non;1;367304;Amortissable;Fixe;1,4;20;0;238;Femme;31;Célibataire;59172;Enseignant;CDI;Temps plein;Non;Non;Non;0.7;Femme;51;Concubinage;Sans Profession;None;None;None;None;Non;0.3;
LOAN2017;6;LOAN2017_6;Non;1;150000;Amortissable;Fixe;1,7;20;0;70;Homme;45;Marié;75006;Salarié cadre;CDI;Temps plein;Non;Non;Non;0.7;Femme;37;Marié;Salarié cadre;CDI;Temps plein;Non;Non;Non;0.3;
LOAN2017;270;LOAN2017_270;Non;1;233200;Amortissable;Variable;1,7;20;0;50;Homme;33;Marié;72440;Enseignant;CDI;Temps plein;Entre 15.000 et 20.000 km par an;Non;Non;0.5;Homme;58;Marié;Salarié ;CDI;Temps plein;Plus de 20.000 km par an;Non;Non;0.5;
LOAN2017;247;LOAN2017_247;Oui;1;235610;Amortissable;Fixe;1,7;20;4;147;Homme;19;Concubinage;68990;Salarié cadre;CDI;Temps plein;Moins de 15.000 km par an;Non;Non;1;None;None;None;None;None;None;None;None;None;None;
LOAN2017;248;LOAN2017_248;Oui;1;316000;Amortissable;Variable;2;20;3;168;Homme;26;Marié;18300;Chef d'entreprise;CDI;Temps plein;Non;Non;Non;1;None;None;None;None;None;None;None;None;None;None;
LOAN2017;250;LOAN2017_250;Oui;1;293200;Amortissable;Fixe;1,7;19;1;135;Femme;29;Marié;75011;Salarié cadre;CDI;Temps plein;Non;Non;Non;1;None;None;None;None;None;None;None;None;None;None;
LOAN2017;253;LOAN2017_253;Oui;1;71712;Amortissable;Fixe;1,8;20;0;261;Homme;53;Concubinage;76390;Salarié cadre;CDI;Temps plein;Non;Non;Non;1;None;None;None;None;None;None;None;None;None;None;
LOAN2017;257;LOAN2017_257;Non;1;222000;Amortissable;Variable;1,8;20;3;94;Femme;30;Pacs;92310;Profession du spectacle;CDI;Temps plein;Moins de 15.000 km par an;Non;Non;0.5;Homme;39;Célibataire;Fonctionnaire;CDI;Temps plein;Moins de 15.000 km par an;Non;oui;0.5;
LOAN2017;255;LOAN2017_255;Oui;1;165000;Amortissable;Fixe;1,8;15;0;97;Homme;28;Pacs;35131;Salarié ;CDD;Temps plein;Moins de 15.000 km par an;Non;Non;1;None;None;None;None;None;None;None;None;None;None;
LOAN2017;256;LOAN2017_256;Oui;1;485170;Amortissable;Fixe;1,7;15;0;158;Homme;18;Marié;85450;Salarié cadre;CDI;Temps plein;Non;Non;oui;1;None;None;None;None;None;None;None;None;None;None;
LOAN2017;260;LOAN2017_260;Oui;1;232550;Amortissable;Fixe;1,6;30;0;180;Femme;29;Célibataire;77610;Salarié ;CDI;Temps plein;Moins de 15.000 km par an;Non;Non;1;None;None;None;None;None;None;None;None;None;None;
LOAN2017;277;LOAN2017_277;Non;1;191290;Amortissable;Fixe;1,3;27;0;155;Homme;46;Célibataire;29800;Salarié cadre;CDI;Temps plein;Non;Non;Non;0.5;Femme;31;Célibataire;Salarié ;TNS;Temps plein;Non;Non;Non;0.5;
LOAN2017;279;LOAN2017_279;Non;1;94500;Amortissable;Fixe;1,5;15;0;21;Femme;36;Marié;13009;Salarié ;CDI;Temps partiel;Entre 15.000 et 20.000 km par an;Non;Non;0.5;Homme;34;Concubinage;Fonctionnaire;CDI;Temps partiel;Non;Non;Non;0.5;
LOAN2017;261;LOAN2017_261;Oui;1;220843;Amortissable;Fixe;1,6;20;0;243;Homme;37;Célibataire;13540;Salarié cadre;CDI;Temps plein;Non;Non;Non;1;None;None;None;None;None;None;None;None;None;None;
LOAN2017;263;LOAN2017_263;Oui;1;83480;Amortissable;Fixe;1,7;20;0;104;Femme;28;Marié;59530;Fonctionnaire;CDI;Temps plein;Non;Oui;Non;1;None;None;None;None;None;None;None;None;None;None;
LOAN2017;249;LOAN2017_249;Non;1;213000;In Fine;Fixe;1,8;10;0;287;Femme;39;Célibataire;6530;Fonctionnaire;CDI;Temps plein;Non;Non;Non;0.7;Femme;28;Pacs;Salarié cadre;CDI;Temps plein;Non;Non;Non;0.3;
LOAN2017;281;LOAN2017_281;Non;1;174200;Amortissable;Variable;1,6;19;0;173;Femme;44;Célibataire;64470;Salarié cadre;CDI;Temps plein;Moins de 15.000 km par an;Non;Non;0.5;Homme;33;Célibataire;Fonctionnaire;CDI;Temps partiel;Moins de 15.000 km par an;Non;Non;0.5;
LOAN2017;283;LOAN2017_283;Non;1;61900;Amortissable;Fixe;1,3;20;2;160;Homme;41;Marié;75012;Salarié ;CDI;Temps plein;Non;Non;Non;0.5;Femme;51;Marié;Salarié ;CDI;Temps plein;Non;Non;Non;0.5;
LOAN2017;286;LOAN2017_286;Non;1;56458;Amortissable;Fixe;2,2;20;0;150;Homme;35;Marié;13400;Fonctionnaire;CDI;Temps plein;Moins de 15.000 km par an;Non;Non;0.5;Homme;19;Concubinage;Profession médicale;CDI;Temps plein;Non;Non;Non;0.5;
LOAN2017;288;LOAN2017_288;Non;1;209600;Amortissable;Fixe;1,9;20;0;152;Homme;46;Célibataire;33230;Salarié ;CDI;Temps plein;Moins de 15.000 km par an;Non;Non;0.5;Femme;44;Marié;Salarié cadre;CDI;Temps plein;Plus de 20.000 km par an;Non;Non;0.5;
LOAN2017;290;LOAN2017_290;Non;1;253000;Amortissable;Fixe;1,6;10;0;149;Homme;58;Pacs;95650;Salarié ;CDI;Temps plein;Moins de 15.000 km par an;Non;Non;0.5;Homme;35;Célibataire;Salarié cadre;CDI;Temps plein;Plus de 20.000 km par an;Non;Non;0.5;
LOAN2017;264;LOAN2017_264;Oui;1;109000;Amortissable;Fixe;1,8;20;1;117;Femme;53;Concubinage;81220;Fonctionnaire;CDI;Temps plein;Non;Non;Non;1;None;None;None;None;None;None;None;None;None;None;
LOAN2017;251;LOAN2017_251;Non;1;106600;In Fine;Variable;2,2;20;1;165;Homme;43;Célibataire;77450;Salarié ;CDI;Temps plein;Non;Oui;Non;0.7;Homme;25;Marié;Salarié cadre;CDI;Temps plein;Moins de 15.000 km par an;Non;Non;0.3;
LOAN2017;252;LOAN2017_252;Non;1;181800;Amortissable;Fixe;1,7;20;0;143;Homme;37;Marié;31540;Salarié cadre;CDI;Temps plein;Moins de 15.000 km par an;Non;Non;0.7;Homme;29;Célibataire;Salarié cadre;CDI;Temps plein;Moins de 15.000 km par an;Non;Non;0.3;
LOAN2017;254;LOAN2017_254;Non;1;190706;Amortissable;Variable;1,8;11;2;87;Homme;54;Célibataire;77410;Salarié cadre;CDI;Temps plein;Moins de 15.000 km par an;Non;Non;0.7;Femme;35;Concubinage;Fonctionnaire;CDI;Temps plein;Non;Non;Non;0.3;
LOAN2017;262;LOAN2017_262;Non;1;182000;In Fine;Variable;2;20;0;172;Homme;53;Concubinage;3300;Agriculteur;TNS;Temps plein;Non;Non;Non;0.7;Homme;35;Célibataire;Salarié cadre;CDI;Temps plein;Moins de 15.000 km par an;Non;Non;0.3;
LOAN2017;265;LOAN2017_265;Non;1;229600;Amortissable;Fixe;2,3;15;1;245;Homme;34;Marié;62120;Salarié ;CDI;Temps plein;Moins de 15.000 km par an;Non;Non;0.7;Homme;35;Célibataire;Salarié cadre;CDI;Temps plein;Moins de 15.000 km par an;Non;Non;0.3;
LOAN2017;269;LOAN2017_269;Non;1;120700;Amortissable;Fixe;1,6;20;2;167;Femme;30;Célibataire;75008;Salarié ;CDI;Temps plein;Moins de 15.000 km par an;Non;Non;0.7;Femme;28;Concubinage;Fonctionnaire;CDI;Temps plein;Moins de 15.000 km par an;Non;Non;0.3;
LOAN2017;273;LOAN2017_273;Non;1;112940;Amortissable;Fixe;1,9;25;2;165;Homme;39;Célibataire;83170;Salarié ;CDI;Temps plein;Non;Non;Non;0.7;Homme;30;Célibataire;Salarié ;CDI;Temps partiel;Moins de 15.000 km par an;Non;Non;0.3;
LOAN2017;7;LOAN2017_7;Non;1;150000;Amortissable;Fixe;1,7;20;0;70;Homme;50;Marié;75006;Salarié cadre;CDI;Temps plein;Non;Non;Non;0.7;Femme;37;Marié;Salarié cadre;CDI;Temps plein;Non;Non;Non;0.3;
LOAN2017;8;LOAN2017_8;Non;1;150000;Amortissable;Fixe;1,7;20;0;70;Homme;55;Marié;75006;Salarié cadre;CDI;Temps plein;Non;Non;Non;0.7;Femme;37;Marié;Salarié cadre;CDI;Temps plein;Non;Non;Non;0.3;
LOAN2017;9;LOAN2017_9;Non;1;150000;Amortissable;Fixe;1,7;10;0;70;Homme;36;Marié;75006;Salarié cadre;CDI;Temps plein;Non;Non;Non;0.7;Femme;37;Marié;Salarié cadre;CDI;Temps plein;Non;Non;Non;0.3;
LOAN2017;276;LOAN2017_276;Oui;1;158000;Amortissable;Fixe;1,7;15;0;136;Homme;34;Marié;76170;Salarié cadre;CDI;Temps plein;Non;Non;Non;1;None;None;None;None;None;None;None;None;None;None;
LOAN2017;284;LOAN2017_284;Oui;1;146000;Amortissable;Fixe;1,9;18;0;112;Homme;25;Pacs;91300;Salarié cadre;CDI;Temps plein;Moins de 15.000 km par an;Non;Non;1;None;None;None;None;None;None;None;None;None;None;
LOAN2017;285;LOAN2017_285;Oui;1;111208;Amortissable;Variable;1,9;15;0;99;Femme;22;Marié;60300;Salarié cadre;CDI;Temps plein;Moins de 15.000 km par an;Non;Non;1;None;None;None;None;None;None;None;None;None;None;
LOAN2017;287;LOAN2017_287;Oui;1;158900;Amortissable;Fixe;1,9;20;1;242;Femme;33;Marié;95690;Salarié cadre;CDI;Temps plein;Moins de 15.000 km par an;Non;oui;1;None;None;None;None;None;None;None;None;None;None;
LOAN2017;293;LOAN2017_293;Oui;1;195000;Amortissable;Fixe;1,2;15;1;182;Femme;28;Célibataire;73220;Fonctionnaire;CDI;Temps plein;Moins de 15.000 km par an;Non;Non;1;None;None;None;None;None;None;None;None;None;None;
LOAN2017;297;LOAN2017_297;Oui;1;182050;Amortissable;Fixe;1,8;15;0;122;Femme;34;Concubinage;75017;Salarié cadre;CDI;Temps plein;Non;Non;Non;1;None;None;None;None;None;None;None;None;None;None;
LOAN2017;303;LOAN2017_303;Oui;1;102000;Amortissable;Fixe;1,5;20;4;74;Homme;29;Marié;75014;Salarié ;TNS;Temps plein;Moins de 15.000 km par an;Non;Non;1;None;None;None;None;None;None;None;None;None;None;
LOAN2017;278;LOAN2017_278;Non;1;124000;Amortissable;Variable;1,6;15;0;147;Homme;46;Marié;33340;Salarié cadre;TNS;Temps partiel;Moins de 15.000 km par an;Non;Non;0.7;Homme;41;Célibataire;Salarié ;CDI;Temps plein;Moins de 15.000 km par an;Non;Non;0.3;
LOAN2017;280;LOAN2017_280;Non;1;477900;Amortissable;Variable;1,5;20;0;162;Homme;47;Concubinage;75013;Salarié ;CDI;Temps plein;Moins de 15.000 km par an;Non;Non;0.7;Homme;28;Marié;Profession médicale;TNS;Temps plein;Non;Oui;Non;0.3;
LOAN2017;282;LOAN2017_282;Non;1;170800;Amortissable;Variable;1,2;25;2;313;Homme;30;Marié;94800;Salarié ;CDI;Temps plein;Non;Non;Non;0.7;Homme;39;Célibataire;Fonctionnaire;CDI;Temps plein;Moins de 15.000 km par an;Non;Non;0.3;
LOAN2017;292;LOAN2017_292;Non;1;244900;Amortissable;Variable;1,6;25;0;42;Femme;41;Célibataire;69720;Sans Profession;None;None;None;None;Non;0.5;Homme;30;Célibataire;Salarié cadre;CDI;Temps partiel;Plus de 20.000 km par an;Non;Non;0.5;
LOAN2017;294;LOAN2017_294;Non;1;122840;Amortissable;Fixe;1,6;25;0;230;Homme;48;Concubinage;75008;Salarié cadre;CDI;Temps plein;Moins de 15.000 km par an;Non;oui;0.5;Homme;30;Concubinage;Recherche d'emploi;None;None;None;None;oui;0.5;
LOAN2017;301;LOAN2017_301;Non;1;184635;Amortissable;Fixe;1,4;20;2;229;Homme;35;Concubinage;92410;Sans Profession;None;None;None;None;Non;0.5;Homme;39;Concubinage;Salarié cadre;CDI;Temps plein;Non;Non;Non;0.5;
LOAN2017;304;LOAN2017_304;Non;1;189380;Amortissable;Fixe;1,5;15;2;33;Homme;42;Célibataire;30110;Salarié cadre;TNS;Temps plein;Non;Non;Non;0.5;Femme;23;Célibataire;Artisan;CDI;Temps plein;Plus de 20.000 km par an;Non;Non;0.5;
LOAN2017;289;LOAN2017_289;Non;1;449030;Amortissable;Fixe;1,8;26;0;90;Homme;54;Célibataire;74520;Salarié ;CDI;Temps plein;Entre 15.000 et 20.000 km par an;Non;Non;0.7;Femme;30;Célibataire;Fonctionnaire;CDI;Temps partiel;Moins de 15.000 km par an;Non;Non;0.3;
LOAN2017;314;LOAN2017_314;Non;1;206859;Amortissable;Variable;1,6;15;1;122;Femme;39;Célibataire;75002;Salarié cadre;CDI;Temps plein;Non;Non;Non;0.5;Homme;64;Concubinage;Salarié ;TNS;Temps plein;Moins de 15.000 km par an;Non;Non;0.5;
LOAN2017;295;LOAN2017_295;Non;1;61000;Amortissable;Fixe;1,8;15;1;132;Homme;31;Célibataire;94370;Salarié cadre;CDI;Temps plein;Moins de 15.000 km par an;Non;Non;0.7;Femme;34;Célibataire;Artisan;CDI;Temps plein;Moins de 15.000 km par an;Oui;Non;0.3;
LOAN2017;315;LOAN2017_315;Non;1;148200;Amortissable;Fixe;1,7;25;0;190;Homme;30;Célibataire;74270;Enseignant;CDI;Temps plein;Moins de 15.000 km par an;Non;Non;0.5;Homme;30;Marié;Salarié cadre;CDI;Temps plein;Non;Non;Non;0.5;
LOAN2017;323;LOAN2017_323;Non;1;132790;Amortissable;Variable;1,9;15;0;171;Homme;43;Célibataire;86340;Salarié cadre;CDI;Temps plein;Non;Non;oui;0.5;Homme;28;Marié;Salarié cadre;CDI;Temps partiel;Non;Non;Non;0.5;
LOAN2017;336;LOAN2017_336;Non;1;112500;Amortissable;Fixe;1,8;20;2;365;Femme;64;Divorcé;78520;Retraité ;None;None;None;None;oui;0.5;Homme;40;Marié;Fonctionnaire;CDI;Temps plein;Moins de 15.000 km par an;Non;Non;0.5;
LOAN2017;337;LOAN2017_337;Non;1;112000;Amortissable;Fixe;1,4;20;2;308;Homme;37;Marié;75017;Salarié cadre;CDI;Temps plein;Moins de 15.000 km par an;Non;oui;0.5;Homme;40;Pacs;Salarié cadre;CDI;Temps plein;Plus de 20.000 km par an;Non;oui;0.5;
LOAN2017;339;LOAN2017_339;Non;1;13000;Amortissable;Fixe;2,1;20;0;214;Homme;39;Célibataire;94140;Fonctionnaire;CDI;Temps plein;Non;Non;Non;0.5;Homme;28;Marié;Fonctionnaire;CDI;Temps plein;Moins de 15.000 km par an;Non;Non;0.5;
LOAN2017;347;LOAN2017_347;Non;1;359400;Amortissable;Fixe;1,9;25;0;151;Homme;32;Marié;29120;Profession Libérale;CDI;Temps plein;Moins de 15.000 km par an;Oui;Non;0.5;Homme;39;Concubinage;Salarié cadre;CDI;Temps plein;Non;Non;oui;0.5;
LOAN2017;348;LOAN2017_348;Non;1;155210;Amortissable;Fixe;1,9;20;0;225;Homme;40;Célibataire;92150;Salarié ;CDI;Temps plein;Moins de 15.000 km par an;Non;Non;0.5;Homme;44;Veuf;Profession Libérale;CDI;Temps plein;Moins de 15.000 km par an;Non;Non;0.5;
LOAN2017;350;LOAN2017_350;Non;1;221000;Amortissable;Fixe;1,9;25;0;337;Homme;33;Pacs;62120;Salarié cadre;TNS;Temps plein;Moins de 15.000 km par an;Non;oui;0.5;Femme;39;Célibataire;Salarié ;CDI;Temps plein;Moins de 15.000 km par an;Non;oui;0.5;
LOAN2017;355;LOAN2017_355;Non;1;256000;Amortissable;Variable;1,8;15;0;182;Homme;38;Pacs;59158;Salarié ;CDI;Temps plein;Non;Non;Non;0.5;Homme;25;Célibataire;Ouvrier;CDI;Temps plein;Moins de 15.000 km par an;Non;Non;0.5;
LOAN2017;358;LOAN2017_358;Non;1;515000;Amortissable;Variable;1,8;25;2;165;Homme;38;Marié;51290;Commerçant;CDI;Temps plein;Non;Non;Non;0.5;Homme;18;Pacs;Salarié cadre;CDI;Temps plein;Moins de 15.000 km par an;Non;Non;0.5;
LOAN2017;369;LOAN2017_369;Non;1;182300;Amortissable;Variable;1,8;20;7;319;Homme;53;Veuf;56400;Salarié ;CDI;Temps plein;Non;Non;Non;0.5;Homme;35;Pacs;Sans Profession;None;None;None;None;Non;0.5;
LOAN2017;307;LOAN2017_307;Oui;1;277300;In Fine;Variable;1,6;20;3;124;Homme;33;Célibataire;31350;Salarié ;CDI;Temps plein;Moins de 15.000 km par an;Non;Non;1;None;None;None;None;None;None;None;None;None;None;
LOAN2017;309;LOAN2017_309;Oui;1;139100;Amortissable;Variable;1,6;15;0;104;Homme;67;Divorcé;91470;Retraité ;None;None;None;None;Non;1;None;None;None;None;None;None;None;None;None;None;
LOAN2017;310;LOAN2017_310;Oui;1;166800;Amortissable;Fixe;1,6;30;3;68;Homme;26;Marié;92310;Salarié cadre;TNS;Temps plein;Non;Non;Non;1;None;None;None;None;None;None;None;None;None;None;
LOAN2017;313;LOAN2017_313;Oui;1;92000;Amortissable;Fixe;1,3;20;0;301;Femme;32;Célibataire;31800;Salarié cadre;CDI;Temps plein;Non;Non;Non;1;None;None;None;None;None;None;None;None;None;None;
LOAN2017;316;LOAN2017_316;Oui;1;193000;Amortissable;Variable;1,4;15;0;92;Homme;53;Marié;69660;Salarié cadre;CDI;Temps plein;Non;Non;oui;1;None;None;None;None;None;None;None;None;None;None;
LOAN2017;319;LOAN2017_319;Oui;1;159000;Amortissable;Fixe;2;10;6;137;Homme;28;Pacs;78730;Salarié ;CDI;Temps plein;Non;Non;Non;1;None;None;None;None;None;None;None;None;None;None;
LOAN2017;321;LOAN2017_321;Oui;1;188740;Amortissable;Fixe;1,5;25;5;101;Homme;25;Concubinage;38980;Salarié ;CDI;Temps plein;Non;Non;Non;1;None;None;None;None;None;None;None;None;None;None;
LOAN2017;325;LOAN2017_325;Oui;1;181300;In Fine;Fixe;2,3;15;1;164;Femme;28;Célibataire;38680;Salarié ;CDI;Temps plein;Moins de 15.000 km par an;Non;Non;1;None;None;None;None;None;None;None;None;None;None;
LOAN2017;327;LOAN2017_327;Oui;1;59000;Amortissable;Fixe;1,8;20;0;146;Homme;38;Pacs;40150;Salarié ;CDI;Temps plein;Non;Non;oui;1;None;None;None;None;None;None;None;None;None;None;
LOAN2017;328;LOAN2017_328;Oui;1;136000;Amortissable;Fixe;2,2;30;0;139;Homme;37;Concubinage;91580;Salarié cadre;CDI;Temps partiel;Moins de 15.000 km par an;Non;Non;1;None;None;None;None;None;None;None;None;None;None;
LOAN2017;330;LOAN2017_330;Oui;1;47300;Amortissable;Fixe;2,1;25;0;8;Homme;29;Célibataire;75018;Fonctionnaire;CDI;Temps plein;Non;Non;Non;1;None;None;None;None;None;None;None;None;None;None;
LOAN2017;331;LOAN2017_331;Oui;1;600000;Amortissable;Variable;1,9;15;2;282;Homme;44;Célibataire;75008;Fonctionnaire;TNS;Temps plein;Non;Non;Non;1;None;None;None;None;None;None;None;None;None;None;
LOAN2017;333;LOAN2017_333;Oui;1;150000;Amortissable;Fixe;1,7;16;0;112;Homme;47;Pacs;73700;Salarié ;CDI;Temps plein;Non;Non;Non;1;None;None;None;None;None;None;None;None;None;None;
LOAN2017;334;LOAN2017_334;Oui;1;249000;Amortissable;Fixe;1,9;12;0;193;Homme;29;Concubinage;75015;Salarié ;CDI;Temps plein;Non;Non;Non;1;None;None;None;None;None;None;None;None;None;None;
LOAN2017;372;LOAN2017_372;Non;1;152600;Amortissable;Fixe;1,2;25;0;124;Homme;43;Concubinage;75116;Sans Profession;None;None;None;None;Non;0.5;Femme;39;Marié;Salarié cadre;CDI;Temps plein;Moins de 15.000 km par an;Oui;Non;0.5;
LOAN2017;373;LOAN2017_373;Non;1;195100;Amortissable;Fixe;1,3;20;0;198;Femme;33;Célibataire;13480;Enseignant;CDI;Temps plein;Entre 15.000 et 20.000 km par an;Non;Non;0.5;Homme;42;Pacs;Salarié cadre;TNS;Temps plein;Moins de 15.000 km par an;Non;Non;0.5;
LOAN2017;375;LOAN2017_375;Non;1;134000;Amortissable;Fixe;2;20;0;154;Femme;30;Divorcé;57570;Artisan;CDI;Temps plein;Non;Non;Non;0.5;Homme;36;Célibataire;Profession médicale;CDI;Temps plein;Entre 15.000 et 20.000 km par an;Non;Non;0.5;
LOAN2017;305;LOAN2017_305;Non;1;297400;Amortissable;Fixe;2;30;0;153;Femme;39;Célibataire;77176;Salarié cadre;CDI;Temps plein;Moins de 15.000 km par an;Non;Non;0.7;Homme;30;Pacs;Fonctionnaire;CDI;Temps plein;Non;Non;Non;0.3;
LOAN2017;306;LOAN2017_306;Non;1;205320;Amortissable;Fixe;1,6;20;0;111;Homme;53;Marié;86600;Salarié cadre;CDI;Temps plein;Non;Non;Non;0.7;Homme;28;Célibataire;Salarié ;CDI;Temps plein;Non;Non;Non;0.3;
LOAN2017;308;LOAN2017_308;Non;1;549730;Amortissable;Fixe;1,4;20;0;274;Homme;32;Célibataire;77450;Salarié ;CDI;Temps plein;Non;Non;Non;0.7;Femme;35;Divorcé;Salarié ;CDI;Temps plein;Moins de 15.000 km par an;Non;Non;0.3;
LOAN2017;10;LOAN2017_10;Non;1;150000;Amortissable;Fixe;1,7;15;0;70;Homme;36;Marié;75006;Salarié cadre;CDI;Temps plein;Non;Non;Non;0.7;Femme;37;Marié;Salarié cadre;CDI;Temps plein;Non;Non;Non;0.3;
LOAN2017;11;LOAN2017_11;Non;1;150000;Amortissable;Fixe;1,7;25;0;70;Homme;36;Marié;75006;Salarié cadre;CDI;Temps plein;Non;Non;Non;0.7;Femme;37;Marié;Salarié cadre;CDI;Temps plein;Non;Non;Non;0.3;
LOAN2017;12;LOAN2017_12;Non;1;150000;Amortissable;Fixe;1,7;30;0;70;Homme;36;Marié;75006;Salarié cadre;CDI;Temps plein;Non;Non;Non;0.7;Femme;37;Marié;Salarié cadre;CDI;Temps plein;Non;Non;Non;0.3;
LOAN2017;13;LOAN2017_13;Non;1;150000;Amortissable;Fixe;1,7;20;0;70;Homme;36;Marié;75006;Salarié cadre;CDI;Temps plein;Non;Non;Oui;0.7;Femme;37;Marié;Salarié cadre;CDI;Temps plein;Non;Non;Non;0.3;
LOAN2017;14;LOAN2017_14;Non;1;150000;In Fine;Fixe;1,7;20;0;70;Homme;36;Marié;75006;Salarié cadre;CDI;Temps plein;Non;Non;Non;0.7;Femme;37;Marié;Salarié cadre;CDI;Temps plein;Non;Non;Non;0.3;
LOAN2017;15;LOAN2017_15;Non;1;150000;Amortissable;Fixe;1,7;20;0;70;Homme;36;Marié;75006;Agriculteur;CDI;Temps plein;Non;Non;Non;0.7;Femme;37;Marié;Salarié cadre;CDI;Temps plein;Non;Non;Non;0.3;
LOAN2017;16;LOAN2017_16;Non;1;150000;Amortissable;Fixe;1,7;20;0;70;Homme;36;Marié;75006;Sans Profession;None;None;None;None;Non;0.7;Femme;37;Marié;Salarié cadre;CDI;Temps plein;Non;Non;Non;0.3;
LOAN2017;17;LOAN2017_17;Non;1;150000;Amortissable;Fixe;1,7;20;0;70;Homme;36;Marié;75006;Chef d'entreprise;CDI;Temps plein;Non;Non;Non;0.7;Femme;37;Marié;Salarié cadre;CDI;Temps plein;Non;Non;Non;0.3;
LOAN2017;18;LOAN2017_18;Non;1;150000;Amortissable;Fixe;1,7;20;0;70;Homme;25;Marié;75006;Chef d'entreprise;CDI;Temps plein;Non;Non;Non;0.7;Femme;37;Marié;Salarié cadre;CDI;Temps plein;Non;Non;Non;0.3;
LOAN2017;19;LOAN2017_19;Non;1;150000;Amortissable;Fixe;1,7;20;0;70;Homme;50;Marié;75006;Chef d'entreprise;CDI;Temps plein;Non;Non;Non;0.7;Femme;37;Marié;Salarié cadre;CDI;Temps plein;Non;Non;Non;0.3;
LOAN2017;20;LOAN2017_20;Non;1;150000;Amortissable;Fixe;1,7;20;0;70;Homme;36;Marié;75006;Chef d'entreprise;CDI;Temps plein;Non;Non;Oui;0.7;Femme;37;Marié;Salarié cadre;CDI;Temps plein;Non;Non;Non;0.3;
LOAN2017;338;LOAN2017_338;Oui;1;108460;Amortissable;Fixe;1,9;25;0;170;Femme;30;Pacs;95640;Salarié cadre;CDI;Temps plein;Moins de 15.000 km par an;Non;Non;1;None;None;None;None;None;None;None;None;None;None;
LOAN2017;340;LOAN2017_340;Oui;1;154780;Amortissable;Fixe;1,6;30;1;161;Femme;69;Célibataire;94520;Retraité ;None;None;None;None;Non;1;None;None;None;None;None;None;None;None;None;None;
LOAN2017;342;LOAN2017_342;Oui;1;162900;Amortissable;Fixe;1,4;25;0;162;Homme;32;Marié;65310;Salarié ;CDI;Temps plein;Moins de 15.000 km par an;Non;Non;1;None;None;None;None;None;None;None;None;None;None;
LOAN2017;344;LOAN2017_344;Oui;1;176000;Amortissable;Variable;1,6;15;0;168;Homme;29;Divorcé;33490;Salarié ;CDI;Temps plein;Moins de 15.000 km par an;Non;Non;1;None;None;None;None;None;None;None;None;None;None;
LOAN2017;352;LOAN2017_352;Oui;1;282580;Amortissable;Variable;2,2;20;0;232;Homme;43;Marié;92140;Salarié ;TNS;Temps plein;Moins de 15.000 km par an;Oui;oui;1;None;None;None;None;None;None;None;None;None;None;
LOAN2017;353;LOAN2017_353;Oui;1;257000;Amortissable;Fixe;2,3;20;0;214;Homme;54;Célibataire;31230;Salarié cadre;CDI;Temps partiel;Moins de 15.000 km par an;Non;Non;1;None;None;None;None;None;None;None;None;None;None;
LOAN2017;361;LOAN2017_361;Oui;1;101520;Amortissable;Fixe;1,5;20;0;172;Homme;19;Marié;78810;Salarié cadre;CDI;Temps plein;Moins de 15.000 km par an;Non;Non;1;None;None;None;None;None;None;None;None;None;None;
LOAN2017;362;LOAN2017_362;Oui;1;326000;Amortissable;Fixe;1,8;20;0;94;Homme;26;Marié;8130;Salarié ;CDI;Temps plein;Moins de 15.000 km par an;Non;Non;1;None;None;None;None;None;None;None;None;None;None;
LOAN2017;363;LOAN2017_363;Oui;1;142000;Amortissable;Fixe;1,9;15;0;213;Homme;25;Célibataire;95450;Salarié cadre;CDI;Temps plein;Moins de 15.000 km par an;Non;Non;1;None;None;None;None;None;None;None;None;None;None;
LOAN2017;364;LOAN2017_364;Oui;1;161000;Amortissable;Fixe;1,3;18;0;114;Homme;54;Marié;80800;Salarié cadre;CDI;Temps plein;Moins de 15.000 km par an;Non;Non;1;None;None;None;None;None;None;None;None;None;None;
LOAN2017;341;LOAN2017_341;Non;1;178100;Amortissable;Fixe;1,6;15;2;153;Homme;39;Concubinage;42600;Salarié cadre;CDI;Temps plein;Moins de 15.000 km par an;Non;Non;0.7;Homme;23;Pacs;Fonctionnaire;CDI;Temps partiel;Moins de 15.000 km par an;Non;Non;0.3;
LOAN2017;384;LOAN2017_384;Non;1;600000;Amortissable;Fixe;2,1;20;0;132;Homme;41;Célibataire;78660;Fonctionnaire;Intérimaire;Temps plein;Non;Non;Non;0.5;Homme;37;Célibataire;Salarié ;CDI;Temps plein;Moins de 15.000 km par an;Non;Non;0.5;
LOAN2017;385;LOAN2017_385;Non;1;127500;Amortissable;Fixe;1,5;20;0;156;Femme;33;Marié;78460;Salarié ;TNS;Temps plein;Non;Non;Non;0.5;Homme;26;Célibataire;Fonctionnaire;CDI;Temps plein;Moins de 15.000 km par an;Non;Non;0.5;
LOAN2017;391;LOAN2017_391;Non;1;254000;Amortissable;Fixe;2;20;8;220;Homme;40;Marié;13830;Salarié ;CDI;Temps partiel;Non;Non;Non;0.5;Femme;41;Célibataire;Salarié cadre;CDI;Temps plein;Moins de 15.000 km par an;Non;Non;0.5;
LOAN2017;394;LOAN2017_394;Non;1;96000;Amortissable;Variable;1,4;15;0;120;Homme;36;Pacs;75018;Salarié ;CDI;Temps plein;Moins de 15.000 km par an;Non;Non;0.5;Homme;31;Célibataire;Salarié ;CDI;Temps plein;Non;Non;oui;0.5;
LOAN2017;403;LOAN2017_403;Non;1;188000;Amortissable;Fixe;1,7;15;5;95;Homme;47;Marié;82500;Chef d'entreprise;CDI;Temps plein;Moins de 15.000 km par an;Non;Non;0.5;Homme;33;Célibataire;Salarié ;CDI;Temps plein;Non;Non;Non;0.5;
LOAN2017;408;LOAN2017_408;Non;1;51000;Amortissable;Variable;1,5;20;2;90;Homme;37;Célibataire;78670;Profession médicale;CDI;Temps plein;Entre 15.000 et 20.000 km par an;Non;Non;0.5;Homme;39;Concubinage;Salarié cadre;CDI;Temps partiel;Moins de 15.000 km par an;Non;Non;0.5;
LOAN2017;424;LOAN2017_424;Non;1;190443;Amortissable;Fixe;1,3;15;0;133;Homme;39;Célibataire;37370;Salarié ;TNS;Temps plein;Moins de 15.000 km par an;Non;Non;0.5;Homme;52;Marié;Salarié cadre;CDI;Temps plein;Moins de 15.000 km par an;Non;Non;0.5;
LOAN2017;343;LOAN2017_343;Non;1;187990;Amortissable;Fixe;1,3;25;0;60;Homme;41;Célibataire;68500;Salarié ;CDI;Temps plein;Moins de 15.000 km par an;Non;Non;0.7;Homme;33;Célibataire;Salarié ;CDI;Temps plein;Moins de 15.000 km par an;Non;Non;0.3;
LOAN2017;345;LOAN2017_345;Non;1;29170;Amortissable;Fixe;1,4;20;0;127;Homme;46;Pacs;94510;Salarié ;CDI;Temps plein;Non;Non;Non;0.7;Femme;58;Célibataire;Salarié cadre;CDI;Temps plein;Moins de 15.000 km par an;Non;Non;0.3;
LOAN2017;346;LOAN2017_346;Non;1;474780;Amortissable;Fixe;1,8;15;2;159;Femme;41;Concubinage;42170;Fonctionnaire;CDI;Temps plein;Plus de 20.000 km par an;Non;Non;0.7;Homme;38;Concubinage;Salarié cadre;CDI;Temps partiel;Non;Non;Non;0.3;
LOAN2017;349;LOAN2017_349;Non;1;105000;Amortissable;Fixe;1,7;20;0;122;Homme;45;Concubinage;45300;Salarié ;CDI;Temps plein;Non;Non;oui;0.7;Homme;43;Concubinage;Salarié cadre;CDI;Temps plein;Non;Non;Non;0.3;
LOAN2017;351;LOAN2017_351;Non;1;327790;Amortissable;Fixe;1,7;20;0;35;Homme;42;Marié;92380;Fonctionnaire;CDI;Temps plein;Moins de 15.000 km par an;Non;Non;0.7;Femme;37;Célibataire;Sans Profession;None;None;None;None;Non;0.3;
LOAN2017;354;LOAN2017_354;Non;1;391000;Amortissable;Fixe;2,1;12;0;157;Homme;30;Célibataire;76730;Fonctionnaire;CDI;Temps plein;Moins de 15.000 km par an;Non;oui;0.7;Homme;28;Célibataire;Salarié ;CDI;Temps plein;Moins de 15.000 km par an;Non;Non;0.3;
LOAN2017;356;LOAN2017_356;Non;1;171200;Amortissable;Fixe;2,3;25;0;126;Homme;58;Divorcé;38330;Fonctionnaire;CDI;Temps plein;Non;Non;Non;0.7;Femme;50;Concubinage;Salarié cadre;TNS;Temps plein;Moins de 15.000 km par an;Non;Non;0.3;
LOAN2017;21;LOAN2017_21;Non;1;150000;Amortissable;Fixe;1,7;20;0;70;Homme;25;Marié;75006;Chef d'entreprise;CDI;Temps plein;Non;Non;Oui;0.7;Femme;37;Marié;Salarié cadre;CDI;Temps plein;Non;Non;Non;0.3;
LOAN2017;22;LOAN2017_22;Non;1;150000;Amortissable;Fixe;1,7;20;0;70;Homme;50;Marié;75006;Chef d'entreprise;CDI;Temps plein;Non;Non;Oui;0.7;Femme;37;Marié;Salarié cadre;CDI;Temps plein;Non;Non;Non;0.3;
LOAN2017;23;LOAN2017_23;Non;1;150000;Amortissable;Fixe;1,7;20;0;70;Homme;36;Marié;75006;Chef d'entreprise;CDI;Temps plein;Non;Oui;Non;0.7;Femme;37;Marié;Salarié cadre;CDI;Temps plein;Non;Non;Non;0.3;
LOAN2017;365;LOAN2017_365;Oui;1;114120;Amortissable;Fixe;1,5;15;6;2;Femme;32;Célibataire;38220;Salarié ;CDI;Temps plein;Moins de 15.000 km par an;Non;oui;1;None;None;None;None;None;None;None;None;None;None;
LOAN2017;368;LOAN2017_368;Oui;1;202410;Amortissable;Fixe;1,5;28;0;174;Homme;27;Célibataire;13500;Commerçant;CDI;Temps plein;Non;Non;Non;1;None;None;None;None;None;None;None;None;None;None;
LOAN2017;370;LOAN2017_370;Oui;1;298200;Amortissable;Variable;1,3;15;0;294;Femme;34;Concubinage;27930;Fonctionnaire;CDI;Temps partiel;Moins de 15.000 km par an;Non;oui;1;None;None;None;None;None;None;None;None;None;None;
LOAN2017;374;LOAN2017_374;Oui;1;284000;In Fine;Variable;1,3;30;2;109;Homme;50;Concubinage;75011;Salarié cadre;CDI;Temps plein;Moins de 15.000 km par an;Non;Non;1;None;None;None;None;None;None;None;None;None;None;
LOAN2017;377;LOAN2017_377;Oui;1;220000;Amortissable;Variable;1,6;25;3;138;Homme;29;Pacs;64530;Enseignant;CDI;Temps plein;Entre 15.000 et 20.000 km par an;Non;oui;1;None;None;None;None;None;None;None;None;None;None;
LOAN2017;378;LOAN2017_378;Oui;1;184000;Amortissable;Fixe;2,1;20;2;88;Homme;26;Célibataire;60130;Sans Profession;None;None;None;None;Non;1;None;None;None;None;None;None;None;None;None;None;
LOAN2017;379;LOAN2017_379;Oui;1;221000;Amortissable;Fixe;1,7;20;1;149;Homme;56;Marié;28800;Enseignant;CDI;Temps plein;Non;Non;oui;1;None;None;None;None;None;None;None;None;None;None;
LOAN2017;380;LOAN2017_380;Oui;1;221600;Amortissable;Fixe;1,4;15;0;21;Femme;29;Marié;75006;Salarié cadre;CDI;Temps plein;Moins de 15.000 km par an;Non;Non;1;None;None;None;None;None;None;None;None;None;None;
LOAN2017;383;LOAN2017_383;Oui;1;144520;Amortissable;Fixe;1,8;20;0;176;Homme;54;Pacs;6670;Salarié cadre;CDI;Temps plein;Plus de 20.000 km par an;Non;Non;1;None;None;None;None;None;None;None;None;None;None;
LOAN2017;389;LOAN2017_389;Oui;1;145800;Amortissable;Fixe;1,9;15;0;176;Homme;29;Marié;6910;Sans Profession;None;None;None;None;Non;1;None;None;None;None;None;None;None;None;None;None;
LOAN2017;390;LOAN2017_390;Oui;1;133000;Amortissable;Fixe;1,5;15;0;107;Homme;25;Marié;69400;Salarié cadre;CDI;Temps plein;Non;Non;Non;1;None;None;None;None;None;None;None;None;None;None;
LOAN2017;366;LOAN2017_366;Non;1;550769;Amortissable;Fixe;1,8;25;2;263;Homme;30;Concubinage;83590;Fonctionnaire;CDI;Temps plein;Moins de 15.000 km par an;Non;oui;0.7;Homme;43;Concubinage;Salarié ;CDI;Temps plein;Plus de 20.000 km par an;Non;Non;0.3;
LOAN2017;367;LOAN2017_367;Non;1;245830;Amortissable;Fixe;1,6;20;0;232;Homme;34;Concubinage;70200;Salarié ;CDI;Temps plein;Non;Non;Non;0.7;Homme;25;Célibataire;Salarié cadre;CDI;Temps plein;Moins de 15.000 km par an;Non;oui;0.3;
LOAN2017;371;LOAN2017_371;Non;1;205467;Amortissable;Fixe;1,8;15;0;42;Femme;33;Divorcé;44540;Sans Profession;None;None;None;None;Non;0.7;Homme;37;Célibataire;Salarié cadre;CDI;Temps plein;Entre 15.000 et 20.000 km par an;Non;Non;0.3;
LOAN2017;376;LOAN2017_376;Non;1;262520;Amortissable;Variable;2;15;2;361;Homme;30;Marié;58000;Enseignant;TNS;Temps plein;Entre 15.000 et 20.000 km par an;Non;Non;0.7;Homme;34;Célibataire;Salarié cadre;CDI;Temps partiel;Non;Non;Non;0.3;
LOAN2017;381;LOAN2017_381;Non;1;319410;Amortissable;Fixe;1,5;15;0;290;Homme;38;Célibataire;6410;Salarié cadre;CDI;Temps plein;Non;Non;Non;0.7;Homme;43;Marié;Salarié ;CDI;Temps plein;Entre 15.000 et 20.000 km par an;Non;Non;0.3;
LOAN2017;382;LOAN2017_382;Non;1;197560;In Fine;Fixe;1,5;25;0;0;Homme;58;Célibataire;91150;Salarié cadre;CDI;Temps plein;Non;Non;Non;0.7;Homme;29;Pacs;Recherche d'emploi;None;None;None;None;Non;0.3;
LOAN2017;386;LOAN2017_386;Non;1;138383;Amortissable;Variable;2,1;25;0;194;Femme;30;Marié;21220;Salarié ;CDI;Temps plein;Non;Non;Non;0.7;Homme;33;Divorcé;Salarié cadre;CDI;Temps plein;Moins de 15.000 km par an;Non;Non;0.3;
LOAN2017;387;LOAN2017_387;Non;1;251000;Amortissable;Variable;1,5;10;4;165;Homme;31;Célibataire;69320;Fonctionnaire;CDI;Temps plein;Non;Non;Non;0.7;Femme;36;Pacs;Salarié cadre;CDI;Temps partiel;Moins de 15.000 km par an;Non;Non;0.3;
LOAN2017;24;LOAN2017_24;Non;1;150000;Amortissable;Fixe;1,7;20;0;70;Homme;25;Marié;75006;Chef d'entreprise;CDI;Temps plein;Non;Oui;Non;0.7;Femme;37;Marié;Salarié cadre;CDI;Temps plein;Non;Non;Non;0.3;
LOAN2017;25;LOAN2017_25;Non;1;150000;Amortissable;Fixe;1,7;20;0;70;Homme;50;Marié;75006;Chef d'entreprise;CDI;Temps plein;Non;Oui;Non;0.7;Femme;37;Marié;Salarié cadre;CDI;Temps plein;Non;Non;Non;0.3;
LOAN2017;395;LOAN2017_395;Oui;1;238900;Amortissable;Fixe;1,9;15;3;101;Homme;23;Marié;68840;Salarié cadre;TNS;Temps plein;Non;Non;Non;1;None;None;None;None;None;None;None;None;None;None;
LOAN2017;396;LOAN2017_396;Oui;1;165000;Amortissable;Fixe;1,2;10;1;365;Homme;25;Célibataire;31390;Sans Profession;None;None;None;None;Non;1;None;None;None;None;None;None;None;None;None;None;
LOAN2017;397;LOAN2017_397;Oui;1;263000;Amortissable;Fixe;1,7;23;0;182;Homme;30;Célibataire;64240;Salarié ;TNS;Temps plein;Moins de 15.000 km par an;Non;Non;1;None;None;None;None;None;None;None;None;None;None;
LOAN2017;399;LOAN2017_399;Oui;1;210200;Amortissable;Fixe;2,1;15;0;122;Homme;37;Célibataire;92140;Salarié ;CDI;Temps plein;Moins de 15.000 km par an;Non;Non;1;None;None;None;None;None;None;None;None;None;None;
LOAN2017;400;LOAN2017_400;Oui;1;269538;Amortissable;Fixe;1,8;25;0;117;Homme;29;Célibataire;91380;Salarié cadre;CDI;Temps plein;Entre 15.000 et 20.000 km par an;Non;Non;1;None;None;None;None;None;None;None;None;None;None;
LOAN2017;401;LOAN2017_401;Oui;1;82000;Amortissable;Fixe;2,1;20;5;139;Femme;30;Célibataire;6440;Chef d'entreprise;CDI;Temps plein;Moins de 15.000 km par an;Non;Non;1;None;None;None;None;None;None;None;None;None;None;
LOAN2017;402;LOAN2017_402;Oui;1;146085;Amortissable;Fixe;1,7;20;4;129;Homme;53;Célibataire;69690;Salarié ;CDI;Temps plein;Non;Non;Non;1;None;None;None;None;None;None;None;None;None;None;
LOAN2017;398;LOAN2017_398;Non;1;324900;Amortissable;Fixe;1,8;15;0;92;Femme;43;Pacs;75003;Salarié cadre;CDI;Temps plein;Non;Non;Non;0.7;Homme;29;Célibataire;Salarié ;CDI;Temps plein;Non;Non;Non;0.3;
LOAN2017;406;LOAN2017_406;Non;1;208918;Amortissable;Fixe;2,2;25;1;121;Homme;47;Concubinage;93410;Salarié ;CDI;Temps plein;Moins de 15.000 km par an;Non;Non;0.7;Femme;37;Pacs;Fonctionnaire;TNS;Temps plein;Entre 15.000 et 20.000 km par an;Non;Non;0.3;
LOAN2017;407;LOAN2017_407;Non;1;87680;Amortissable;Fixe;1,7;17;1;142;Homme;30;Célibataire;14420;Salarié cadre;CDI;Temps plein;Non;Non;Non;0.7;Homme;45;Marié;Sans Profession;None;None;None;None;Non;0.3;
LOAN2017;26;LOAN2017_26;Non;1;150000;Amortissable;Fixe;1,7;20;0;70;Homme;36;Marié;75006;Chef d'entreprise;CDI;Temps plein;Non;Oui;Oui;0.7;Femme;37;Marié;Salarié cadre;CDI;Temps plein;Non;Non;Non;0.3;
LOAN2017;27;LOAN2017_27;Non;1;150000;Amortissable;Fixe;1,7;20;0;70;Homme;25;Marié;75006;Chef d'entreprise;CDI;Temps plein;Non;Oui;Oui;0.7;Femme;37;Marié;Salarié cadre;CDI;Temps plein;Non;Non;Non;0.3;
LOAN2017;28;LOAN2017_28;Non;1;150000;Amortissable;Fixe;1,7;20;0;70;Homme;50;Marié;75006;Chef d'entreprise;CDI;Temps plein;Non;Oui;Oui;0.7;Femme;37;Marié;Salarié cadre;CDI;Temps plein;Non;Non;Non;0.3;
LOAN2017;29;LOAN2017_29;Non;1;150000;Amortissable;Fixe;1,7;20;0;70;Homme;36;Marié;75006;Chef d'entreprise;CDI;Temps plein;Plus de 20.000 km par an;Oui;Non;0.7;Femme;37;Marié;Salarié cadre;CDI;Temps plein;Non;Non;Non;0.3;
LOAN2017;30;LOAN2017_30;Non;1;150000;Amortissable;Fixe;1,7;20;0;70;Homme;25;Marié;75006;Chef d'entreprise;CDI;Temps plein;Plus de 20.000 km par an;Oui;Non;0.7;Femme;37;Marié;Salarié cadre;CDI;Temps plein;Non;Non;Non;0.3;
LOAN2017;31;LOAN2017_31;Non;1;150000;Amortissable;Fixe;1,7;20;0;70;Homme;50;Marié;75006;Chef d'entreprise;CDI;Temps plein;Plus de 20.000 km par an;Oui;Non;0.7;Femme;37;Marié;Salarié cadre;CDI;Temps plein;Non;Non;Non;0.3;
LOAN2017;32;LOAN2017_32;Non;1;150000;Amortissable;Fixe;1,7;20;0;70;Homme;36;Marié;75006;Chef d'entreprise;CDI;Temps plein;Plus de 20.000 km par an;Oui;Oui;0.7;Femme;37;Marié;Salarié cadre;CDI;Temps plein;Non;Non;Non;0.3;
LOAN2017;33;LOAN2017_33;Non;1;150000;Amortissable;Fixe;1,7;20;0;70;Homme;25;Marié;75006;Chef d'entreprise;CDI;Temps plein;Plus de 20.000 km par an;Oui;Oui;0.7;Femme;37;Marié;Salarié cadre;CDI;Temps plein;Non;Non;Non;0.3;
LOAN2017;34;LOAN2017_34;Non;1;150000;Amortissable;Fixe;1,7;20;0;70;Homme;50;Marié;75006;Chef d'entreprise;CDI;Temps plein;Plus de 20.000 km par an;Oui;Oui;0.7;Femme;37;Marié;Salarié cadre;CDI;Temps plein;Non;Non;Non;0.3;
LOAN2017;35;LOAN2017_35;Non;1;150000;Amortissable;Fixe;1,7;20;0;70;Homme;36;Marié;75006;Chef d'entreprise;CDI;Temps plein;Plus de 20.000 km par an;Non;Non;0.7;Femme;37;Marié;Salarié cadre;CDI;Temps plein;Non;Non;Non;0.3;
LOAN2017;36;LOAN2017_36;Non;1;150000;Amortissable;Fixe;1,7;20;0;70;Homme;25;Marié;75006;Chef d'entreprise;CDI;Temps plein;Plus de 20.000 km par an;Non;Non;0.7;Femme;37;Marié;Salarié cadre;CDI;Temps plein;Non;Non;Non;0.3;
LOAN2017;37;LOAN2017_37;Non;1;150000;Amortissable;Fixe;1,7;20;0;70;Homme;50;Marié;75006;Chef d'entreprise;CDI;Temps plein;Plus de 20.000 km par an;Non;Non;0.7;Femme;37;Marié;Salarié cadre;CDI;Temps plein;Non;Non;Non;0.3;
LOAN2017;38;LOAN2017_38;Non;1;150000;Amortissable;Fixe;1,7;20;0;70;Homme;36;Marié;75006;Chef d'entreprise;CDI;Temps plein;Plus de 20.000 km par an;Non;Oui;0.7;Femme;37;Marié;Salarié cadre;CDI;Temps plein;Non;Non;Non;0.3;
LOAN2017;39;LOAN2017_39;Non;1;150000;Amortissable;Fixe;1,7;20;0;70;Homme;25;Marié;75006;Chef d'entreprise;CDI;Temps plein;Plus de 20.000 km par an;Non;Oui;0.7;Femme;37;Marié;Salarié cadre;CDI;Temps plein;Non;Non;Non;0.3;
LOAN2017;40;LOAN2017_40;Non;1;150000;Amortissable;Fixe;1,7;20;0;70;Homme;50;Marié;75006;Chef d'entreprise;CDI;Temps plein;Plus de 20.000 km par an;Non;Oui;0.7;Femme;37;Marié;Salarié cadre;CDI;Temps plein;Non;Non;Non;0.3;
LOAN2017;41;LOAN2017_41;Non;1;150000;Amortissable;Fixe;1,7;20;0;70;Homme;36;Marié;75006;Salarié cadre;CDI;Temps plein;Plus de 20.000 km par an;Non;Non;0.7;Femme;37;Marié;Salarié cadre;CDI;Temps plein;Non;Non;Non;0.3;
LOAN2017;429;LOAN2017_429;Non;1;158590;Amortissable;Fixe;1,7;20;0;365;Homme;35;Pacs;77230;Fonctionnaire;CDI;Temps plein;Moins de 15.000 km par an;Non;Non;0.5;Homme;38;Célibataire;Profession médicale;TNS;Temps plein;Non;Oui;Non;0.5;
LOAN2017;426;LOAN2017_426;Non;1;203900;Amortissable;Variable;2,1;20;0;117;Homme;45;Concubinage;75009;Salarié ;CDI;Temps plein;Non;Non;Non;0.7;Homme;44;Concubinage;Fonctionnaire;CDI;Temps plein;Moins de 15.000 km par an;Non;Non;0.3;
LOAN2017;42;LOAN2017_42;Non;1;150000;Amortissable;Fixe;1,7;20;0;70;Homme;36;Marié;75006;Salarié cadre;CDI;Temps plein;Entre 15.000 et 20.000 km par an;Non;Non;0.7;Femme;37;Marié;Salarié cadre;CDI;Temps plein;Non;Non;Non;0.3;
LOAN2017;43;LOAN2017_43;Non;1;150000;Amortissable;Fixe;1,7;20;0;70;Homme;36;Marié;75006;Salarié cadre;CDI;Temps plein;Non;Oui;Non;0.7;Femme;37;Marié;Salarié cadre;CDI;Temps plein;Non;Non;Non;0.3;
LOAN2017;44;LOAN2017_44;Non;1;50000;Amortissable;Fixe;1,7;20;0;70;Homme;36;Marié;75006;Salarié cadre;CDI;Temps plein;Non;Non;Non;0.7;Femme;37;Marié;Salarié cadre;CDI;Temps plein;Non;Non;Non;0.3;
LOAN2017;45;LOAN2017_45;Non;1;100000;Amortissable;Fixe;1,7;20;0;70;Homme;36;Marié;75006;Salarié cadre;CDI;Temps plein;Non;Non;Non;0.7;Femme;37;Marié;Salarié cadre;CDI;Temps plein;Non;Non;Non;0.3;
LOAN2017;428;LOAN2017_428;Oui;1;176700;Amortissable;Fixe;1,4;15;0;112;Homme;29;Célibataire;68850;Salarié ;CDI;Temps plein;Plus de 20.000 km par an;Non;Non;1;None;None;None;None;None;None;None;None;None;None;
LOAN2017;430;LOAN2017_430;Oui;1;114910;Amortissable;Fixe;1,8;20;0;215;Femme;26;Pacs;63510;Enseignant;CDI;Temps plein;Non;Non;Non;1;None;None;None;None;None;None;None;None;None;None;
LOAN2017;46;LOAN2017_46;Non;1;200000;Amortissable;Fixe;1,7;20;0;70;Homme;36;Marié;75006;Salarié cadre;CDI;Temps plein;Non;Non;Non;0.7;Femme;37;Marié;Salarié cadre;CDI;Temps plein;Non;Non;Non;0.3;
LOAN2017;47;LOAN2017_47;Non;1;250000;Amortissable;Fixe;1,7;20;0;70;Homme;36;Marié;75006;Salarié cadre;CDI;Temps plein;Non;Non;Non;0.7;Femme;37;Marié;Salarié cadre;CDI;Temps plein;Non;Non;Non;0.3;
LOAN2017;48;LOAN2017_48;Non;1;350000;Amortissable;Fixe;1,7;20;0;70;Homme;36;Marié;75006;Salarié cadre;CDI;Temps plein;Non;Non;Non;0.7;Femme;37;Marié;Salarié cadre;CDI;Temps plein;Non;Non;Non;0.3;
LOAN2017;49;LOAN2017_49;Non;1;400000;Amortissable;Fixe;1,7;20;0;70;Homme;36;Marié;75006;Salarié cadre;CDI;Temps plein;Non;Non;Non;0.7;Femme;37;Marié;Salarié cadre;CDI;Temps plein;Non;Non;Non;0.3;
LOAN2017;122;LOAN2017_122;Non;1;564702;Amortissable;Variable;1,9;20;0;163;Homme;30;Pacs;35680;Salarié cadre;CDI;Temps plein;Moins de 15.000 km par an;Non;Non;0.5;Homme;23;Concubinage;Salarié cadre;Saisonnier;Temps plein;Non;Non;Non;0.5;
LOAN2017;291;LOAN2017_291;Non;1;101000;Amortissable;Fixe;1,6;15;0;312;Homme;37;Célibataire;75005;Fonctionnaire;CDI;Temps plein;Moins de 15.000 km par an;Non;Non;0.5;Homme;42;Célibataire;Salarié cadre;CDI;Temps plein;Moins de 15.000 km par an;Non;Non;0.5;
LOAN2017;50;LOAN2017_50;Non;1;450000;Amortissable;Fixe;1,7;20;0;70;Homme;36;Marié;75006;Salarié cadre;CDI;Temps plein;Non;Non;Non;0.7;Femme;37;Marié;Salarié cadre;CDI;Temps plein;Non;Non;Non;0.3;
LOAN2017;51;LOAN2017_51;Non;1;500000;Amortissable;Fixe;1,7;20;0;70;Homme;36;Marié;75006;Salarié cadre;CDI;Temps plein;Non;Non;Non;0.7;Femme;37;Marié;Salarié cadre;CDI;Temps plein;Non;Non;Non;0.3;
LOAN2017;52;LOAN2017_52;Non;1;150000;Amortissable;Fixe;1,7;20;1;70;Homme;36;Marié;75006;Salarié cadre;CDI;Temps plein;Non;Non;Non;0.7;Femme;37;Marié;Salarié cadre;CDI;Temps plein;Non;Non;Non;0.3;
LOAN2017;53;LOAN2017_53;Non;1;150000;Amortissable;Fixe;1,7;20;2;70;Homme;36;Marié;75006;Salarié cadre;CDI;Temps plein;Non;Non;Non;0.7;Femme;37;Marié;Salarié cadre;CDI;Temps plein;Non;Non;Non;0.3;
LOAN2017;54;LOAN2017_54;Non;1;150000;Amortissable;Fixe;1,7;20;3;70;Homme;36;Marié;75006;Salarié cadre;CDI;Temps plein;Non;Non;Non;0.7;Femme;37;Marié;Salarié cadre;CDI;Temps plein;Non;Non;Non;0.3;
LOAN2017;55;LOAN2017_55;Non;1;150000;Amortissable;Fixe;1,7;20;4;70;Homme;36;Marié;75006;Salarié cadre;CDI;Temps plein;Non;Non;Non;0.7;Femme;37;Marié;Salarié cadre;CDI;Temps plein;Non;Non;Non;0.3;
LOAN2017;56;LOAN2017_56;Non;1;150000;Amortissable;Fixe;1,7;20;5;70;Homme;36;Marié;75006;Salarié cadre;CDI;Temps plein;Non;Non;Non;0.7;Femme;37;Marié;Salarié cadre;CDI;Temps plein;Non;Non;Non;0.3;
LOAN2017;57;LOAN2017_57;Non;1;150000;Amortissable;Fixe;1,7;20;10;70;Homme;36;Marié;75006;Salarié cadre;CDI;Temps plein;Non;Non;Non;0.7;Femme;37;Marié;Salarié cadre;CDI;Temps plein;Non;Non;Non;0.3;
LOAN2017;58;LOAN2017_58;Non;1;150000;Amortissable;Fixe;1,7;20;15;70;Homme;36;Marié;75006;Salarié cadre;CDI;Temps plein;Non;Non;Non;0.7;Femme;37;Marié;Salarié cadre;CDI;Temps plein;Non;Non;Non;0.3;
LOAN2017;59;LOAN2017_59;Non;1;150000;Amortissable;Fixe;1,7;20;20;70;Homme;36;Marié;75006;Salarié cadre;CDI;Temps plein;Non;Non;Non;0.7;Femme;37;Marié;Salarié cadre;CDI;Temps plein;Non;Non;Non;0.3;
LOAN2017;60;LOAN2017_60;Non;1;150000;Amortissable;Fixe;1,7;20;0;180;Homme;36;Marié;75006;Salarié cadre;CDI;Temps plein;Non;Non;Non;0.7;Femme;37;Marié;Salarié cadre;CDI;Temps plein;Non;Non;Non;0.3;
LOAN2017;61;LOAN2017_61;Non;1;150000;Amortissable;Fixe;1,7;20;0;270;Homme;36;Marié;75006;Salarié cadre;CDI;Temps plein;Non;Non;Non;0.7;Femme;37;Marié;Salarié cadre;CDI;Temps plein;Non;Non;Non;0.3;
LOAN2017;62;LOAN2017_62;Non;1;150000;Amortissable;Fixe;1;20;0;70;Homme;36;Marié;75006;Salarié cadre;CDI;Temps plein;Non;Non;Non;0.7;Femme;37;Marié;Salarié cadre;CDI;Temps plein;Non;Non;Non;0.3;
LOAN2017;63;LOAN2017_63;Non;1;150000;Amortissable;Fixe;1,15;20;0;70;Homme;36;Marié;75006;Salarié cadre;CDI;Temps plein;Non;Non;Non;0.7;Femme;37;Marié;Salarié cadre;CDI;Temps plein;Non;Non;Non;0.3;
LOAN2017;68;LOAN2017_68;Non;1;150000;Amortissable;Fixe;2,05;20;0;70;Homme;36;Marié;75006;Salarié cadre;CDI;Temps plein;Non;Non;Non;0.7;Femme;37;Marié;Salarié cadre;CDI;Temps plein;Non;Non;Non;0.3;
LOAN2017;324;LOAN2017_324;Non;1;249700;Amortissable;Variable;1,7;25;0;359;Homme;58;Pacs;31310;Salarié cadre;CDI;Temps plein;Non;Non;Non;0.7;Homme;21;Célibataire;Salarié ;CDI;Temps plein;Moins de 15.000 km par an;Non;Non;0.3;
LOAN2017;326;LOAN2017_326;Non;1;325400;Amortissable;Variable;2;25;4;103;Homme;37;Marié;94340;Chef d'entreprise;CDI;Temps plein;Moins de 15.000 km par an;Non;Non;0.7;Homme;44;Célibataire;Salarié cadre;CDI;Temps plein;Non;Non;Non;0.3;
LOAN2017;329;LOAN2017_329;Non;1;88700;Amortissable;Variable;1,6;25;0;140;Femme;30;Célibataire;75010;Salarié cadre;TNS;Temps plein;Plus de 20.000 km par an;Non;Non;0.7;Femme;32;Célibataire;Salarié cadre;CDI;Temps plein;Non;Non;oui;0.3;
LOAN2017;332;LOAN2017_332;Non;1;176700;Amortissable;Fixe;1,3;20;0;298;Femme;43;Concubinage;93460;Salarié ;CDI;Temps plein;Non;Non;Non;0.7;Homme;48;Concubinage;Salarié cadre;CDI;Temps plein;Entre 15.000 et 20.000 km par an;Non;oui;0.3;
LOAN2017;335;LOAN2017_335;Non;1;130114;Amortissable;Fixe;1,7;10;3;98;Homme;58;Concubinage;92500;Salarié cadre;CDI;Temps plein;Non;Non;Non;0.7;Femme;43;Divorcé;Commerçant;CDI;Temps plein;Non;Non;oui;0.3;
LOAN2017;357;LOAN2017_357;Non;1;119847;Amortissable;Fixe;2;20;0;112;Homme;36;Marié;71490;Salarié ;CDI;Temps plein;Moins de 15.000 km par an;Non;Non;0.7;Homme;29;Concubinage;Salarié cadre;TNS;Temps plein;Non;Non;Non;0.3;
LOAN2017;359;LOAN2017_359;Non;1;425000;Amortissable;Fixe;1,8;20;0;162;Homme;54;Marié;56450;Salarié cadre;CDI;Temps plein;Moins de 15.000 km par an;Non;Non;0.7;Homme;35;Célibataire;Salarié ;CDI;Temps plein;Moins de 15.000 km par an;Non;Non;0.3;
LOAN2017;360;LOAN2017_360;Non;1;193000;Amortissable;Fixe;2,1;10;1;132;Homme;54;Marié;92170;Salarié ;CDI;Temps plein;Moins de 15.000 km par an;Non;Non;0.7;Homme;67;Veuf;Profession Libérale;CDI;Temps plein;Moins de 15.000 km par an;Non;Non;0.3;
LOAN2017;388;LOAN2017_388;Non;1;97900;Amortissable;Variable;2;15;0;151;Homme;41;Marié;1400;Salarié cadre;CDI;Temps plein;Moins de 15.000 km par an;Non;Non;0.7;Homme;49;Marié;Salarié cadre;CDI;Temps plein;Non;Non;oui;0.3;
LOAN2017;393;LOAN2017_393;Non;1;199703;Amortissable;Fixe;1,5;20;0;224;Homme;35;Concubinage;25320;Fonctionnaire;CDI;Temps plein;Moins de 15.000 km par an;Non;Non;0.7;Femme;42;Pacs;Fonctionnaire;CDI;Temps plein;Non;Non;Non;0.3;
LOAN2017;412;LOAN2017_412;Non;1;198000;Amortissable;Fixe;1,9;15;3;116;Homme;34;Célibataire;74130;Salarié ;CDI;Temps plein;Non;Non;Non;0.7;Homme;38;Concubinage;Enseignant;CDI;Temps partiel;Non;Non;Non;0.3;
LOAN2017;416;LOAN2017_416;Non;1;190000;Amortissable;Fixe;1,9;20;0;163;Homme;42;Concubinage;2350;Fonctionnaire;CDI;Temps plein;Plus de 20.000 km par an;Non;Non;0.7;Homme;46;Pacs;Salarié cadre;CDI;Temps plein;Moins de 15.000 km par an;Non;Non;0.3;
LOAN2017;422;LOAN2017_422;Non;1;169000;Amortissable;Fixe;1,3;20;6;81;Homme;43;Concubinage;91160;Salarié ;CDI;Temps plein;Non;Non;Non;0.7;Homme;39;Célibataire;Salarié ;CDI;Temps partiel;Non;Non;oui;0.3;
LOAN2017;237;LOAN2017_237;Non;1;103000;Amortissable;Fixe;1,6;20;0;255;Homme;36;Marié;59190;Profession du spectacle;TNS;Temps plein;Moins de 15.000 km par an;Non;Non;0.5;Homme;21;Célibataire;Salarié ;CDI;Temps plein;Plus de 20.000 km par an;Non;Non;0.5;
